-- MySQL dump 10.13  Distrib 8.0.20, for macos10.15 (x86_64)
--
-- Host: localhost    Database: sefCore
-- ------------------------------------------------------
-- Server version	8.0.20

/*!40101 SET @OLD_CHARACTER_SET_CLIENT=@@CHARACTER_SET_CLIENT */;
/*!40101 SET @OLD_CHARACTER_SET_RESULTS=@@CHARACTER_SET_RESULTS */;
/*!40101 SET @OLD_COLLATION_CONNECTION=@@COLLATION_CONNECTION */;
/*!50503 SET NAMES utf8mb4 */;
/*!40103 SET @OLD_TIME_ZONE=@@TIME_ZONE */;
/*!40103 SET TIME_ZONE='+00:00' */;
/*!40014 SET @OLD_UNIQUE_CHECKS=@@UNIQUE_CHECKS, UNIQUE_CHECKS=0 */;
/*!40014 SET @OLD_FOREIGN_KEY_CHECKS=@@FOREIGN_KEY_CHECKS, FOREIGN_KEY_CHECKS=0 */;
/*!40101 SET @OLD_SQL_MODE=@@SQL_MODE, SQL_MODE='NO_AUTO_VALUE_ON_ZERO' */;
/*!40111 SET @OLD_SQL_NOTES=@@SQL_NOTES, SQL_NOTES=0 */;

--
-- Table structure for table `ambassador`
--

DROP TABLE IF EXISTS `ambassador`;
/*!40101 SET @saved_cs_client     = @@character_set_client */;
/*!50503 SET character_set_client = utf8mb4 */;
CREATE TABLE `ambassador` (
  `id` bigint NOT NULL,
  `created_at` datetime NOT NULL,
  `updated_at` datetime NOT NULL,
  `first_name` varchar(255) NOT NULL,
  `last_name` varchar(255) NOT NULL,
  `status` varchar(10) NOT NULL,
  `university_id` bigint NOT NULL,
  PRIMARY KEY (`id`),
  KEY `FKfw85auud752xkbkym34h8y0b0` (`university_id`),
  CONSTRAINT `FKfw85auud752xkbkym34h8y0b0` FOREIGN KEY (`university_id`) REFERENCES `university` (`id`) ON DELETE CASCADE
) ENGINE=InnoDB DEFAULT CHARSET=utf8mb4 COLLATE=utf8mb4_0900_ai_ci;
/*!40101 SET character_set_client = @saved_cs_client */;

--
-- Dumping data for table `ambassador`
--

LOCK TABLES `ambassador` WRITE;
/*!40000 ALTER TABLE `ambassador` DISABLE KEYS */;
/*!40000 ALTER TABLE `ambassador` ENABLE KEYS */;
UNLOCK TABLES;

--
-- Table structure for table `category`
--

DROP TABLE IF EXISTS `category`;
/*!40101 SET @saved_cs_client     = @@character_set_client */;
/*!50503 SET character_set_client = utf8mb4 */;
CREATE TABLE `category` (
  `id` bigint NOT NULL AUTO_INCREMENT,
  `created_at` datetime NOT NULL,
  `updated_at` datetime NOT NULL,
  `name` text CHARACTER SET utf8mb4 COLLATE utf8mb4_unicode_ci,
  PRIMARY KEY (`id`)
) ENGINE=InnoDB AUTO_INCREMENT=16 DEFAULT CHARSET=utf8mb4 COLLATE=utf8mb4_0900_ai_ci;
/*!40101 SET character_set_client = @saved_cs_client */;

--
-- Dumping data for table `category`
--

LOCK TABLES `category` WRITE;
/*!40000 ALTER TABLE `category` DISABLE KEYS */;
INSERT INTO `category` VALUES (1,'2020-06-17 14:05:14','2020-06-17 14:05:14','KG & Primary'),(2,'2020-06-17 14:33:19','2020-06-17 14:33:19','Junior & Secondary'),(3,'2020-06-17 14:34:23','2020-06-17 14:34:23','GCE (O/L)'),(4,'2020-06-17 14:34:34','2020-06-17 14:34:34','GCE (A/L)'),(5,'2020-06-17 14:35:04','2020-06-17 14:35:04','Teachers'),(6,'2020-06-17 14:35:17','2020-06-17 14:35:17','Undergraduate'),(7,'2020-06-17 14:35:36','2020-06-17 14:35:36','Postgraduate'),(14,'2020-07-23 19:02:57','2020-07-23 19:03:24','ahada'),(15,'2020-07-23 19:48:00','2020-07-23 19:48:00','okok');
/*!40000 ALTER TABLE `category` ENABLE KEYS */;
UNLOCK TABLES;

--
-- Table structure for table `category_translation`
--

DROP TABLE IF EXISTS `category_translation`;
/*!40101 SET @saved_cs_client     = @@character_set_client */;
/*!50503 SET character_set_client = utf8mb4 */;
CREATE TABLE `category_translation` (
  `created_at` datetime NOT NULL,
  `updated_at` datetime NOT NULL,
  `name` text CHARACTER SET utf8mb4 COLLATE utf8mb4_unicode_ci,
  `category_id` bigint NOT NULL,
  `language_id` bigint NOT NULL,
  PRIMARY KEY (`category_id`,`language_id`),
  KEY `FKmg4o0jmda2vpy6ayasrodan0f` (`language_id`),
  CONSTRAINT `FKmg4o0jmda2vpy6ayasrodan0f` FOREIGN KEY (`language_id`) REFERENCES `language` (`id`),
  CONSTRAINT `FKo2l26f7i3uncfy08y5196hrxd` FOREIGN KEY (`category_id`) REFERENCES `category` (`id`)
) ENGINE=InnoDB DEFAULT CHARSET=utf8mb4 COLLATE=utf8mb4_0900_ai_ci;
/*!40101 SET character_set_client = @saved_cs_client */;

--
-- Dumping data for table `category_translation`
--

LOCK TABLES `category_translation` WRITE;
/*!40000 ALTER TABLE `category_translation` DISABLE KEYS */;
INSERT INTO `category_translation` VALUES ('2020-06-17 14:05:14','2020-06-17 14:05:14','KG & Primary',1,1),('2020-06-17 14:33:19','2020-06-17 14:33:19','Junior & Secondary',2,1),('2020-06-17 14:34:23','2020-06-17 14:34:23','GCE (O/L)',3,1),('2020-06-17 14:34:34','2020-06-17 14:34:34','GCE (A/L)',4,1),('2020-06-17 14:35:04','2020-06-17 14:35:04','Teachers',5,1),('2020-06-17 14:35:17','2020-06-17 14:35:17','Undergraduate',6,1),('2020-06-17 14:35:36','2020-06-17 14:35:36','Postgraduate',7,1);
/*!40000 ALTER TABLE `category_translation` ENABLE KEYS */;
UNLOCK TABLES;

--
-- Table structure for table `certificate`
--

DROP TABLE IF EXISTS `certificate`;
/*!40101 SET @saved_cs_client     = @@character_set_client */;
/*!50503 SET character_set_client = utf8mb4 */;
CREATE TABLE `certificate` (
  `id` int NOT NULL,
  `created_at` datetime NOT NULL,
  `updated_at` datetime NOT NULL,
  `name` varchar(255) NOT NULL,
  PRIMARY KEY (`id`)
) ENGINE=InnoDB DEFAULT CHARSET=utf8mb4 COLLATE=utf8mb4_0900_ai_ci;
/*!40101 SET character_set_client = @saved_cs_client */;

--
-- Dumping data for table `certificate`
--

LOCK TABLES `certificate` WRITE;
/*!40000 ALTER TABLE `certificate` DISABLE KEYS */;
/*!40000 ALTER TABLE `certificate` ENABLE KEYS */;
UNLOCK TABLES;

--
-- Table structure for table `engagement`
--

DROP TABLE IF EXISTS `engagement`;
/*!40101 SET @saved_cs_client     = @@character_set_client */;
/*!50503 SET character_set_client = utf8mb4 */;
CREATE TABLE `engagement` (
  `hash` varchar(255) NOT NULL,
  `created_at` datetime NOT NULL,
  `updated_at` datetime NOT NULL,
  `event_id` bigint NOT NULL,
  `ambassador_id` bigint NOT NULL,
  PRIMARY KEY (`ambassador_id`,`event_id`,`hash`),
  KEY `FKj8gyisk63ur8qk1tsitl0l32w` (`event_id`),
  CONSTRAINT `FKj8gyisk63ur8qk1tsitl0l32w` FOREIGN KEY (`event_id`) REFERENCES `event` (`id`) ON DELETE CASCADE,
  CONSTRAINT `FKr3t3aa4trqbjlg5958r7up6on` FOREIGN KEY (`ambassador_id`) REFERENCES `ambassador` (`id`) ON DELETE CASCADE
) ENGINE=InnoDB DEFAULT CHARSET=utf8mb4 COLLATE=utf8mb4_0900_ai_ci;
/*!40101 SET character_set_client = @saved_cs_client */;

--
-- Dumping data for table `engagement`
--

LOCK TABLES `engagement` WRITE;
/*!40000 ALTER TABLE `engagement` DISABLE KEYS */;
/*!40000 ALTER TABLE `engagement` ENABLE KEYS */;
UNLOCK TABLES;

--
-- Table structure for table `event`
--

DROP TABLE IF EXISTS `event`;
/*!40101 SET @saved_cs_client     = @@character_set_client */;
/*!50503 SET character_set_client = utf8mb4 */;
CREATE TABLE `event` (
  `id` bigint NOT NULL,
  `created_at` datetime NOT NULL,
  `updated_at` datetime NOT NULL,
  `link` varchar(255) NOT NULL,
  `name` varchar(255) NOT NULL,
  `status` varchar(10) NOT NULL,
  `time` datetime NOT NULL,
  PRIMARY KEY (`id`)
) ENGINE=InnoDB DEFAULT CHARSET=utf8mb4 COLLATE=utf8mb4_0900_ai_ci;
/*!40101 SET character_set_client = @saved_cs_client */;

--
-- Dumping data for table `event`
--

LOCK TABLES `event` WRITE;
/*!40000 ALTER TABLE `event` DISABLE KEYS */;
/*!40000 ALTER TABLE `event` ENABLE KEYS */;
UNLOCK TABLES;

--
-- Table structure for table `hibernate_sequence`
--

DROP TABLE IF EXISTS `hibernate_sequence`;
/*!40101 SET @saved_cs_client     = @@character_set_client */;
/*!50503 SET character_set_client = utf8mb4 */;
CREATE TABLE `hibernate_sequence` (
  `next_val` bigint DEFAULT NULL
) ENGINE=InnoDB DEFAULT CHARSET=utf8mb4 COLLATE=utf8mb4_0900_ai_ci;
/*!40101 SET character_set_client = @saved_cs_client */;

--
-- Dumping data for table `hibernate_sequence`
--

LOCK TABLES `hibernate_sequence` WRITE;
/*!40000 ALTER TABLE `hibernate_sequence` DISABLE KEYS */;
INSERT INTO `hibernate_sequence` VALUES (1),(1),(1),(1);
/*!40000 ALTER TABLE `hibernate_sequence` ENABLE KEYS */;
UNLOCK TABLES;

--
-- Table structure for table `item`
--

DROP TABLE IF EXISTS `item`;
/*!40101 SET @saved_cs_client     = @@character_set_client */;
/*!50503 SET character_set_client = utf8mb4 */;
CREATE TABLE `item` (
  `id` bigint NOT NULL AUTO_INCREMENT,
  `created_at` datetime NOT NULL,
  `updated_at` datetime NOT NULL,
  `link` varchar(10000) DEFAULT NULL,
  `description` text CHARACTER SET utf8mb4 COLLATE utf8mb4_unicode_ci,
  `name` text CHARACTER SET utf8mb4 COLLATE utf8mb4_unicode_ci,
  PRIMARY KEY (`id`)
) ENGINE=InnoDB AUTO_INCREMENT=212 DEFAULT CHARSET=utf8mb4 COLLATE=utf8mb4_0900_ai_ci;
/*!40101 SET character_set_client = @saved_cs_client */;

--
-- Dumping data for table `item`
--

LOCK TABLES `item` WRITE;
/*!40000 ALTER TABLE `item` DISABLE KEYS */;
INSERT INTO `item` VALUES (1,'2020-06-17 15:17:28','2020-07-18 22:16:04','http://www.literactive.com/Home/index.asp ','Literactive is the leading provider of reading material for pre-school, kindergarten and grade 1 students available online. The program is comprised of carefully levelled guided readers, comprehensive phonic activities and a wealth of supplemental reading material which gradually develop a child\'s reading skills in a sequential and enjoyable manner.','Literactive shell'),(2,'2020-06-17 15:18:19','2020-07-19 17:58:58','http://www.mathgametime.com/','Math Game Time is your destination for the best math games and homework help online. Their games are fun, educational and trustworthy. Math Game Time was created by educators to help kids succeed. Their goal is to provide a fun, educational playground for students in Pre-K through 7th grade to excel in math.','Math Game Time'),(3,'2020-06-17 15:19:08','2020-06-17 15:19:08','https://allinonehomeschool.com/thinking/','Students will develop their logical thinking skills while engaged in fun games.','Easy Peasy All-in-One Homeschool - Thinking'),(4,'2020-06-17 15:19:49','2020-06-17 15:19:49','https://curiositystream.com/','With thousands of titles, including exclusive originals, CuriosityStream delivers shows and documentaries across the full spectrum of the non-fiction genre to demystify science, nature, history, technology, society, lifestyle and more.','Curiosity Stream'),(5,'2020-06-17 15:21:48','2020-07-19 17:53:47','https://kids.nationalgeographic.com/','Find amazing facts about animals, science, history and geography, along with fun competitions, games and more.','National Geographic Kids '),(6,'2020-06-17 15:26:06','2020-06-17 15:26:06','https://pbskids.org/ ','Educational games and videos from Curious George, Wild Kratts and other Public Broadcasting Service (PBS) KIDS (USA) shows!','PBS Kids'),(7,'2020-06-17 15:27:12','2020-06-17 15:27:12','https://www.abcya.com/','Educational games for grades PreK through 6 that will keep kids engaged and having fun. Topics include math, reading, typing, just-for-fun logic games','ABCya!'),(8,'2020-06-17 15:30:50','2020-06-17 15:30:50','https://www.creativebug.com/','Creativebug offers online video arts and crafts workshops and techniques. Learn how to paint, knit, crochet, sew, screen print, and more.','Creative Bug'),(9,'2020-06-17 15:33:00','2020-06-17 15:33:00','https://www.funbrain.com/','FunBrain is the #1 site for online educational games for kids of all ages. (math, grammar, science, spelling, history).','Funbrain'),(10,'2020-06-17 15:33:38','2020-06-17 15:33:38','https://www.highlightskids.com/ ','The place for children of all ages to play games and discover new jokes, surveys, answers to science questions, and fun crafts and recipes from Highlights.','Highlights Kids'),(11,'2020-06-17 15:34:34','2020-06-17 15:34:34','https://www.seussville.com/','The home of all things Dr. Seuss.','Seussville'),(12,'2020-06-17 15:35:05','2020-06-17 15:35:05','https://www.splashlearn.com/ ','StudyPad’s vision is to transform K-12 learning by making it fun and personalized for every child and to prepare them for skills required in 21st-century. StudyPad is uniquely poised to harness the rapid growth in the education technology space using the backdrop of the ubiquitous adoption of smartphones, tablets, AR and VR.','Splash Learn'),(13,'2020-06-17 15:35:49','2020-06-17 15:35:49','https://www.storylineonline.net/','The SAG-AFTRA Foundation’s Daytime Emmy®-nominated and award-winning children’s literacy website, Storyline Online®, streams videos featuring celebrated actors reading children’s books alongside creatively produced illustrations.','Storyline Online'),(14,'2020-06-17 15:36:49','2020-06-17 15:36:49','https://www.switchzoo.com/ ','Switch Zoo has 142 species, and the website features additional animal games, music created from animal voices, a reference section about all the animals in Switch Zoo, lesson plans, and poetry, stories and artwork created by students and other visitors.','Switch Zoo'),(15,'2020-06-17 15:37:26','2020-06-17 15:37:26','https://www.travelandleisure.com/attractions/museums-galleries/museums-with-virtual-tours ','Experience the best museums from London to Seoul in the comfort of your own home.','Travel and Leisure'),(16,'2020-06-17 15:42:49','2020-06-17 15:42:49','https://www.turtlediary.com/','Play educational kids games, computer games, printable worksheets and learning games online at turtlediary.com. Learn and play Free Games for Kids Online!','Turtle Diary'),(17,'2020-06-17 15:44:01','2020-06-17 15:44:01','https://www.uniteforliteracy.com/','Unite for Literacy has developed the platform, publishing tools, and systems-based strategies that support our public and private sector partners to change the literacy landscape of their communities and optimize the future for all their young children.','Unite for Literacy'),(18,'2020-06-17 15:44:38','2020-06-17 15:44:38','https://www.youtube.com/channel/UC7EFWpvc1wYuUwrtZ_BLi9A/featured','Kids Learning Tube educates kids through music and animation in a fun and unique approach to learning.','Kids Learning Tube'),(19,'2020-06-17 15:45:22','2020-06-17 15:45:22','https://www.youtube.com/channel/UC8HYERScBt-e0kV0fpe0asg','The GEOfocus channel is all about geography! I love geography, maps, flags, culture, languages, and travel. The videos I create for this channel include profiles of countries and regions, descriptions of important landmarks and geographical features (both natural and man-made), and discussion of international issues. Get to know planet Earth and how mankind interacts with it!','Geography Focus'),(20,'2020-06-17 15:46:03','2020-06-17 15:46:03','https://www.youtube.com/channel/UCXVCgDuD_QCkI7gTKU7-tpg/featured','Nat Geo Kids makes it fun to explore your world with weird, wild, and wacky videos! Videos featuring awesome animals, cool science, funny pets, and more, are made just for curious kids like you. So pick a topic you love and start watching today!','National  Geographic Kids - Youtube'),(21,'2020-06-17 15:46:33','2020-06-17 15:46:33','https://www.youtube.com/user/comaniddy/videos','Science inspired music videos. If you like learning, then you\'ve come to the right place!','Mike Likes Science'),(22,'2020-06-17 15:47:13','2020-06-17 15:47:13','https://www.youtube.com/user/scishow/featured','At SciShow, we\'re endlessly curious about what makes the universe tick. If you\'re passionate about quenching your curiosity about... everything, you\'re in the right place. Join us ever day to learn about the world around us and beyond.','SciShow'),(23,'2020-06-17 15:47:43','2020-06-17 15:47:43','https://www.youtube.com/user/thebrainscoop/videos','I\'m Emily, the Chief Curiosity Correspondent of The Field Museum in Chicago, former volunteer of the University of Montana Zoological Museum, and I\'d like to share some of the amazing things we have in the collection with the Internet!','TheBrainScoop'),(24,'2020-06-17 15:50:40','2020-06-17 15:50:40','http://www.e-thaksalawa.moe.gov.lk/','Resources developed by the Ministry of Education, Sri Lanka aligned to grade 1 to 13 curriculums and includes creative lessons, past papers, term papers, questions, syllabuses, text books and teacher instructional manuals','E - Thaksalawa'),(25,'2020-06-17 15:51:25','2020-06-17 15:51:25','https://studentlanka.com/','Download papers, lessons, details on courses, careers, scholarships','Student Lanka - Blog '),(26,'2020-06-17 15:53:08','2020-06-17 15:53:08','http://www.sciencekids.co.nz/','Science Kids is the online home of science & technology for children around the world. Learn more with our fun science experiments, cool facts, free games, activities, lesson plans, quizzes, videos, photos and science fair project ideas.','Science Kids'),(27,'2020-06-17 16:12:02','2020-06-17 16:12:02','http://www.sciencekids.co.nz/','Science Kids is the online home of science & technology for children around the world. Learn more with our fun science experiments, cool facts, free games, activities, lesson plans, quizzes, videos, photos and science fair project ideas.','Science Kids'),(28,'2020-06-17 16:13:04','2020-06-17 16:13:04','https://allinonehomeschool.com/','We exist to help families homeschool. We enable families to homeschool who thought they couldn’t because of a lack of finances, a lack of time, or a lack of know-how.','Easy Peasy All-in-One Homeschool'),(29,'2020-06-17 16:13:46','2020-06-17 16:13:46','https://beastacademy.com/','A Complete Math Curriculum Recommended for Ages 8‑13. Students learn problem-solving skills through rigorous math lessons taught by engaging, comic-book style characters.','Beast Academy'),(30,'2020-06-17 16:14:36','2020-06-17 16:14:36','https://classroommagazines.scholastic.com/support/learnathome.html','We empower educators by providing them with ready-to-go resources, books for every level, and literacy tools for today’s diverse classroom. We make it easy for you to find just what you need when you need it. Keeping your classroom running smoothly and effectively.','Scholastic Learn At Home'),(31,'2020-06-17 16:15:10','2020-06-17 16:15:10','https://code-it-studio.de/?lang=en','Code it! is a website where children and beginners can learn programming easily and playfully. Code it! teaches basic programming concepts through online courses, live webinars and other kid-friedly material. Code it! is designed for independent learning at home, as well as for use at school.','Code It'),(32,'2020-06-17 16:17:04','2020-06-17 16:17:04','https://codeweek.eu/resources','EU Code Week is a grass-roots movement that celebrates creativity, problem solving and collaboration through programming and other tech activities. The idea is to make programming more visible, to show young, adults and elderly how you bring ideas to life with code, to demystify these skills and bring motivated people together to learn.','Code Week'),(33,'2020-06-17 16:17:37','2020-06-17 16:17:37','https://ell.brainpop.com/','BrainPOP ELL is BrainPOP\'s English language instruction site for English Language Learners of all ages. The curriculum is comprised of short, animated movies and activities','BrainPop ELL'),(34,'2020-06-17 16:18:22','2020-06-17 16:18:22','https://hourofcode.com/fr/en/learn','Try one-hour tutorial designed for all ages in over 45 languages to learn coding','Hour of Code'),(35,'2020-06-17 16:19:17','2020-06-17 16:19:17','https://jr.brainpop.com/','BrainPOPJr. is BrainPOP\'s English language instruction site for English Language Learners in KG and Primary. The curriculum is comprised of short, animated movies and activities','BrainPop Jr'),(36,'2020-06-17 16:19:51','2020-06-17 16:19:51','https://learnenglishkids.britishcouncil.org/frequently-asked-questions','LearnEnglish Kids is brought to you by the British Council, the world\'s English teaching experts. We have lots of free online games, songs, stories and activities for children. For parents, we have articles on supporting children in learning English, videos on using English at home and information about English courses for your child.','British Council'),(37,'2020-06-17 16:22:09','2020-06-17 16:22:09','https://literacycloud.org/','Free illustrated online story books','Room to Read'),(38,'2020-06-17 16:22:41','2020-06-17 16:22:41','https://mindspark.in/#topic','Mindspark is a computer-based, online self-learning tool that helps children improve their Maths skills.','Mindspark'),(39,'2020-06-17 16:23:18','2020-06-17 16:23:18','https://outschool.com/','The marketplace of live online classes for K-12 learners. Outschool connects motivated learners, parents, and teachers together to create great learning experiences.','Outschool'),(40,'2020-06-17 16:25:01','2020-06-17 16:25:01','https://sg.ixl.com/membership/family/pricing?partner=google&campaign=55132985&adGroup=1945451225&gclid=Cj0KCQjwj7v0BRDOARIsAGh37ir96XTD3IVkslft6dkEACXjCcUjajdVedzSAGynF5lxBmSeWV7q2MIaAh8uEALw_wcB','Unlimited access to maths and English language practice. Dynamic and interactive questions that adjust to your child\'s level. Fun awards and certificates that motivate your child to master new challenges.','IXL'),(41,'2020-06-17 16:25:44','2020-06-17 16:25:44','https://www.brainpop.com/','Animated Educational Site for Kids - Science, Social Studies, English, Math, Arts & Music, Health, and Technology.','BrainPop'),(42,'2020-06-17 16:26:16','2020-06-17 16:26:16','https://www.coolmath4kids.com/','Math and Games for Kids, Teachers and Parents. Math lessons and fun games for kindergarten to sixth grade, plus quizzes, brain teasers and more.','Cool Math for Kids '),(43,'2020-06-17 16:28:00','2020-06-17 16:28:00','https://www.discoveryeducation.com/','Discovery Education inspires educators to go beyond traditional learning with award-winning Digital Textbooks & Education Resources and professional development. Learn more today!','Discovery Education'),(44,'2020-06-17 16:28:33','2020-06-17 16:28:33','https://www.e-learningforkids.org/','E-learning for kids is a non-profit organization providing free, fun, curriculum based quality primary education to all children world wide.','E -learning for kids - Founding Dreams'),(45,'2020-06-17 16:29:13','2020-06-17 16:29:13','https://www.eduplace.com/kids/mw/','Interactive games to learn Maths','Houghton Mifflin'),(46,'2020-06-17 16:29:42','2020-06-17 16:29:42','https://www.internet4classrooms.com/','A free web portal designed to assist anyone who wants to find high-quality, free Internet resources to use in classroom instruction, developing project ideas, reinforcing specific subject matter areas both in the class and at home and even for online technology tutorials','Internet 4 Classrooms'),(47,'2020-06-17 16:30:13','2020-06-17 16:30:13','https://www.khanacademy.org/','Khan Academy offers practice exercises, instructional videos, and a personalized learning dashboard that empower learners to study at their own pace in and outside of the classroom. We tackle math, science, computing, history, art history, economics, and more.','Khan Academy'),(48,'2020-06-17 16:31:33','2020-06-17 16:31:33','https://www.starfall.com/h/','A free public service to teach children to read including language arts and mathematics for preschool, kindergarten, first grade, second grade, and third grade. Starfall’s emphasis on phonemic awareness, systematic sequential phonics, and common sight words in conjunction with audiovisual interactivity has proven effective in teaching emergent readers.','Starfall'),(49,'2020-06-17 16:32:06','2020-06-17 16:32:06','https://www.tynker.com/','Tynker\'s mission is to provide every child with solid foundations in Computer Science, programming, and critical thinking skills to prepare them to become better architects of their future world.','Tynker'),(50,'2020-06-17 16:32:36','2020-06-17 16:32:36','https://www.udemy.com/','Udemy is the leading global marketplace for teaching and learning, connecting millions of students to the skills they need to succeed.','Udemy'),(51,'2020-06-17 16:33:23','2020-06-17 16:33:23','https://www.youtube.com/user/crashcoursekids','Welcome to Crash Course Kids! This bi-weekly show from the producers of Crash Course is all about gradeschool science. We\'ll look at Earth, Habitats, Space, Chemical Reactions, Engineering, and much much more with host Sabrina Cruz. So, join us every Tuesday and Thursday for new uploads.','Crash Course Kids'),(52,'2020-06-17 16:34:39','2020-06-17 16:34:39','https://www.youtube.com/user/GeekGurlDiaries/featured','Like Raspberry Pi, Arduino, Python, Programming, Computer Science, Logic, Electronics, and being geeky and awesome? I do, so I started to make videos for people like me! Welcome to the Geek Gurl Diaries, where us gurl\'s discuss, create, demo and interview all things geek. If you have ideas for videos or tutorials, or you know someone cool I could interview then please get in touch.','Geek Gurl Diaries'),(53,'2020-06-17 16:36:48','2020-06-17 16:36:48','https://www.youtube.com/user/ScienceChannel/about','Learn about outer space, leading scientific exploration, new technology, earth science basics, & more with science videos & news from Science Channel.','Science Channel'),(54,'2020-06-17 16:37:45','2020-06-17 16:37:45','https://www.youtube.com/user/scishowkids/featured','At SciShow, we\'re endlessly curious about what makes the universe tick. If you\'re passionate about quenching your curiosity about... everything, you\'re in the right place. Join us ever day to learn about the world around us and beyond.','SciShow Kids'),(55,'2020-06-17 16:38:57','2020-06-17 16:38:57','https://www.youtube.com/user/watchfreeschool/featured','FreeSchool is a safe and friendly place to expose children to famous art, classical music, children\'s literature, and natural science in an age-appropriate and kid-accessible way.','Free School'),(56,'2020-06-17 20:05:53','2020-06-17 20:05:53','http://www.mathgametime.com/','Math Game Time is your destination for the best math games and homework help online. Their games are fun, educational and trustworthy. Math Game Time was created by educators to help kids succeed. Their goal is to provide a fun, educational playground for students in Pre-K through 7th grade to excel in math.','Math Game Time'),(57,'2020-06-17 20:08:41','2020-06-17 20:08:41','https://curiositystream.com/','With thousands of titles, including exclusive originals, CuriosityStream delivers shows and documentaries across the full spectrum of the non-fiction genre to demystify science, nature, history, technology, society, lifestyle and more.','Curiosity Stream'),(58,'2020-06-17 20:09:45','2020-06-17 20:09:45','https://kids.nationalgeographic.com/','Find amazing facts about animals, science, history and geography, along with fun competitions, games and more.','National Geographic Kids - Website'),(59,'2020-06-17 20:10:30','2020-06-17 20:10:30','https://pbskids.org/ ','Educational games and videos from Curious George, Wild Kratts and other Public Broadcasting Service (PBS) KIDS (USA) shows!','PBS Kids'),(60,'2020-06-17 20:12:49','2020-06-17 20:12:49','https://www.abcya.com/','Educational games for grades PreK through 6 that will keep kids engaged and having fun. Topics include math, reading, typing, just-for-fun logic games','ABCya!'),(61,'2020-06-17 20:13:49','2020-06-17 20:13:49','https://www.brainpop.com/','Animated Educational Site for Kids - Science, Social Studies, English, Math, Arts & Music, Health, and Technology.','BrainPop'),(62,'2020-06-17 20:14:29','2020-06-17 20:14:29','https://www.discoveryeducation.com/','Discovery Education inspires educators to go beyond traditional learning with award-winning Digital Textbooks & Education Resources and professional development. Learn more today!','Discovery Education'),(63,'2020-06-17 20:15:23','2020-06-17 20:15:23','https://www.e-learningforkids.org/ ','E-learning for kids is a non-profit organization providing free, fun, curriculum based quality primary education to all children world wide.','E -learning for kids'),(64,'2020-06-17 20:15:39','2020-06-17 20:15:39','https://www.funbrain.com/','FunBrain is the #1 site for online educational games for kids of all ages. (math, grammar, science, spelling, history)','Funbrain'),(65,'2020-06-17 20:16:49','2020-06-17 20:16:49','https://www.highlightskids.com/ ','The place for children of all ages to play games and discover new jokes, surveys, answers to science questions, and fun crafts and recipes from Highlights.','Highlights Kids'),(66,'2020-06-17 20:17:11','2020-06-17 20:17:11','https://www.travelandleisure.com/attractions/museums-galleries/museums-with-virtual-tours ','Experience the best museums from London to Seoul in the comfort of your own home.','Travel and Leisure'),(67,'2020-06-17 20:17:31','2020-06-17 20:17:31','https://www.uniteforliteracy.com/ ','Unite for Literacy has developed the platform, publishing tools, and systems-based strategies that support our public and private sector partners to change the literacy landscape of their communities and optimize the future for all their young children. O','Unite for Literacy'),(68,'2020-06-17 20:17:45','2020-06-17 20:17:45','https://www.youtube.com/channel/UC7EFWpvc1wYuUwrtZ_BLi9A/featured','Kids Learning Tube educates kids through music and animation in a fun and unique approach to learning.','Kids Learning Tube'),(69,'2020-06-17 20:17:59','2020-06-17 20:17:59','https://www.youtube.com/channel/UCXVCgDuD_QCkI7gTKU7-tpg/featured','Nat Geo Kids makes it fun to explore your world with weird, wild, and wacky videos! Videos featuring awesome animals, cool science, funny pets, and more, are made just for curious kids like you. So pick a topic you love and start watching today!','National Geographic Kids - Youtube'),(70,'2020-06-17 20:18:16','2020-06-17 20:18:16','https://www.youtube.com/user/comaniddy/videos','Science inspired music videos. If you like learning, then you\'ve come to the right place!','Mike Likes Science'),(71,'2020-06-17 20:18:38','2020-06-17 20:18:38','https://www.youtube.com/user/scishow/featured','At SciShow, we\'re endlessly curious about what makes the universe tick. If you\'re passionate about quenching your curiosity about... everything, you\'re in the right place. Join us ever day to learn about the world around us and beyond.','SciShow'),(72,'2020-06-17 20:18:55','2020-06-17 20:18:55','https://www.youtube.com/user/thebrainscoop/videos','I\'m Emily, the Chief Curiosity Correspondent of The Field Museum in Chicago, former volunteer of the University of Montana Zoological Museum, and I\'d like to share some of the amazing things we have in the collection with the Internet!','TheBrainScoop'),(73,'2020-06-17 20:19:10','2020-06-17 20:19:10','https://www.youtube.com/user/watchfreeschool/featured','FreeSchool is a safe and friendly place to expose children to famous art, classical music, children\'s literature, and natural science in an age-appropriate and kid-accessible way.','Free School'),(74,'2020-06-17 20:20:42','2020-06-17 20:20:42','http://www.e-thaksalawa.moe.gov.lk/','Resources developed by the Ministry of Education, Sri Lanka aligned to grade 1 to 13 curriculums and includes creative lessons, past papers, term papers, questions, syllabuses, text books and teacher instructional manuals','E - Thaksalawa'),(75,'2020-06-17 20:21:16','2020-06-17 20:21:16','https://www.youtube.com/channel/UCuxrtzuww4HxlX2svMYdR0Q/playlists','DP Education, initiated by Mr. Dhammika Perera, is an innovative online math learning platform for school students to enhance their skills in math. School students can access the government math curriculum from grades 6-13 at their own convenience for free.','DP Education - Math'),(76,'2020-06-17 20:22:38','2020-06-17 20:22:38','http://freecomputerbooks.com','FreeComputerBooks.com consists of a huge collection of Free online Computer, Programming, Mathematics, Engineering, and Technical Books, Lecture Notes and Tutorials. It is very well categorized by topics, with 13 top level categories, and over 200 sub-categories.','Free Computer Books'),(77,'2020-06-17 20:23:13','2020-07-19 16:56:19','http://www.sciencekids.co.nz/ ','Science Kids is the online home of science & technology for children around the world. Learn more with our fun science experiments, cool facts, free games, activities, lesson plans, quizzes, videos, photos and science fair project ideas.','Science Kids'),(78,'2020-06-17 20:23:34','2020-06-17 20:23:34','https://allinonehighschool.com/','We exist to help families homeschool. We enable families to homeschool who thought they couldn’t because of a lack of finances, a lack of time, or a lack of know-how.','All-in-One High School'),(79,'2020-06-17 20:23:47','2020-06-17 20:23:47','https://allinonehomeschool.com/thinking/','Students will develop their logical thinking skills while engaged in fun games.','All-in-One Homeschool'),(80,'2020-06-17 20:24:18','2020-06-17 20:24:18','https://beastacademy.com/','A Complete Math Curriculum Recommended for Ages 8‑13. Students learn problem-solving skills through rigorous math lessons taught by engaging, comic-book style characters.','Beast Academy'),(81,'2020-06-17 20:24:28','2020-06-17 20:24:28','https://classroommagazines.scholastic.com/support/learnathome.html','We empower educators by providing them with ready-to-go resources, books for every level, and literacy tools for today’s diverse classroom. We make it easy for you to find just what you need when you need it. Keeping your classroom running smoothly and effectively.','Scholastic Learn At Home'),(82,'2020-06-17 20:25:00','2020-06-17 20:25:00','https://code-it-studio.de/?lang=en','Code it! is a website where children and beginners can learn programming easily and playfully. Code it! teaches basic programming concepts through online courses, live webinars and other kid-friedly material. Code it! is designed for independent learning at home, as well as for use at school.','Code It'),(83,'2020-06-17 20:25:15','2020-06-17 20:25:15','https://codeweek.eu/resources','EU Code Week is a grass-roots movement that celebrates creativity, problem solving and collaboration through programming and other tech activities. The idea is to make programming more visible, to show young, adults and elderly how you bring ideas to life with code, to demystify these skills and bring motivated people together to learn.','Code Week'),(84,'2020-06-17 20:25:32','2020-06-17 20:25:32','https://ell.brainpop.com/','BrainPOP ELL is BrainPOP\'s English language instruction site for English Language Learners of all ages. The curriculum is comprised of short, animated movies and activities','Brainpop'),(85,'2020-06-17 20:25:45','2020-06-17 20:25:45','https://hourofcode.com/fr/en/learn','Try one-hour tutorial designed for all ages in over 45 languages to learn coding','Hour of Code'),(86,'2020-06-17 20:25:57','2020-06-17 20:25:57','https://learnenglishkids.britishcouncil.org/frequently-asked-questions','LearnEnglish Kids is brought to you by the British Council, the world\'s English teaching experts. We have lots of free online games, songs, stories and activities for children. For parents, we have articles on supporting children in learning English, videos on using English at home and information about English courses for your child.','British Council'),(87,'2020-06-17 20:26:10','2020-06-17 20:26:10','https://mindspark.in/#topic','Mindspark is a computer-based, online self-learning tool that helps children improve their Maths skills.','Mindspark'),(88,'2020-06-17 20:26:21','2020-06-17 20:26:21','https://onlinehighschool.stanford.edu/how','Stanford Online High School administration are hosting a series of educational webinars on how to teach effective classes online. Click the links to register, or to view recordings of past webinars.','Stanford Online High School'),(89,'2020-06-17 20:26:34','2020-06-17 20:26:34','https://outschool.com/','The marketplace of live online classes for K-12 learners. Outschool connects motivated learners, parents, and teachers together to create great learning experiences.','Outschool'),(90,'2020-06-17 20:27:08','2020-06-17 20:27:08','https://sg.ixl.com/membership/family/pricing?partner=google&campaign=55132985&adGroup=1945451225&gclid=Cj0KCQjwj7v0BRDOARIsAGh37ir96XTD3IVkslft6dkEACXjCcUjajdVedzSAGynF5lxBmSeWV7q2MIaAh8uEALw_wcB','Unlimited access to maths and English language practice. Dynamic and interactive questions that adjust to your child\'s level. Fun awards and certificates that motivate your child to master new challenges.','IXL'),(91,'2020-06-17 20:27:20','2020-06-17 20:27:20','https://www.coolmath4kids.com/ ','Math and Games for Kids, Teachers and Parents. Math lessons and fun games for kindergarten to sixth grade, plus quizzes, brain teasers and more.','Cool Math4Kids'),(92,'2020-06-17 20:27:49','2020-06-17 20:27:49','https://www.eduplace.com/kids/mw/','Interactive games to learn Maths','Edu Place'),(93,'2020-06-17 20:28:08','2020-06-17 20:28:08','https://www.internet4classrooms.com/','A free web portal designed to assist anyone who wants to find high-quality, free Internet resources to use in classroom instruction, developing project ideas, reinforcing specific subject matter areas both in the class and at home and even for online technology tutorials','Internet 4 Classrooms'),(94,'2020-06-17 20:28:39','2020-06-17 20:28:39','https://www.khanacademy.org/','Khan Academy offers practice exercises, instructional videos, and a personalized learning dashboard that empower learners to study at their own pace in and outside of the classroom. We tackle math, science, computing, history, art history, economics, and more,','Khan Academy'),(95,'2020-06-17 20:28:51','2020-06-17 20:28:51','https://www.polyup.com/machines','Polyup is a free website where students can play with numbers, mathematical operations, shapes, and 3D objects. Using these tools, they can solve problems, complete activities, build math-based simulations, and more!','Polyup'),(96,'2020-06-17 20:29:04','2020-06-17 20:29:04','https://www.tynker.com/','Tynker\'s mission is to provide every child with solid foundations in Computer Science, programming, and critical thinking skills to prepare them to become better architects of their future world.','Tynker'),(97,'2020-06-17 20:29:40','2020-06-17 20:29:40','https://www.youtube.com/channel/UC8HYERScBt-e0kV0fpe0asg','The GEOfocus channel is all about geography! I love geography, maps, flags, culture, languages, and travel. The videos I create for this channel include profiles of countries and regions, descriptions of important landmarks and geographical features (both natural and man-made), and discussion of international issues. Get to know planet Earth and how mankind interacts with it!','Geography Focus'),(98,'2020-06-17 20:30:08','2020-06-17 20:30:08','https://www.youtube.com/user/crashcoursekids','Welcome to Crash Course Kids! This bi-weekly show from the producers of Crash Course is all about gradeschool science. We\'ll look at Earth, Habitats, Space, Chemical Reactions, Engineering, and much much more with host Sabrina Cruz. So, join us every Tuesday and Thursday for new uploads.','Crash Course Kids'),(99,'2020-06-17 20:30:34','2020-06-17 20:30:34','https://www.youtube.com/user/GeekGurlDiaries/featured','Like Raspberry Pi, Arduino, Python, Programming, Computer Science, Logic, Electronics, and being geeky and awesome? I do, so I started to make videos for people like me! Welcome to the Geek Gurl Diaries, where us gurl\'s discuss, create, demo and interview all things geek. If you have ideas for videos or tutorials, or you know someone cool I could interview then please get in touch.','Geek Gurl Diaries'),(100,'2020-06-17 20:30:46','2020-06-17 20:30:46','https://www.youtube.com/user/ScienceChannel/about','Learn about outer space, leading scientific exploration, new technology, earth science basics, & more with science videos & news from Science Channel.','Science Channel'),(101,'2020-06-17 20:31:00','2020-06-17 20:31:00','https://www.youtube.com/user/scishowkids/featured','At SciShow, we\'re endlessly curious about what makes the universe tick. If you\'re passionate about quenching your curiosity about... everything, you\'re in the right place. Join us ever day to learn about the world around us and beyond.','SciShow Kids'),(102,'2020-06-17 20:31:41','2020-06-17 20:31:41','www.bookyards.com','Free pdf books from Bookyards, one of the world\'s first online libraries to offer ebooks to be downloaded for free','Bookyards'),(103,'2020-06-17 20:31:54','2020-06-17 20:31:54','www.getfreeebooks.com','A site that brings both authors and readers into the world of free legal ebooks.','Get Free Books'),(104,'2020-06-17 20:32:05','2020-06-17 20:32:05','www.manybooks.net','50,000 e-books on a number of genres available for free','Manybooks'),(105,'2020-06-17 20:32:17','2020-06-17 20:32:17','www.obooko.com','Free e-books on multiple topics. Improve your reading skills today!','Obooko'),(106,'2020-06-17 20:37:25','2020-06-17 20:37:25','www.sparknotes.com','SparkNotes Guides: Our guides contain thorough summaries and insightful critical analyses. We offer more than 500 guides for English literature and Shakespeare, and a vast number of guides for history, math, biology, and other subjects. Our most popular guides now include quick quizzes, so you can test your retention before the test.','Spark Notes'),(107,'2020-06-17 20:37:55','2020-06-17 20:37:55','https://www.creativebug.com/','Creativebug offers online video arts and crafts workshops and techniques. Learn how to paint, knit, crochet, sew, screen print, and more.','Creative Bug'),(108,'2020-06-17 23:56:04','2020-06-17 23:56:04','https://www.mobitel.lk/elearning','mLearning is a Learning Management System that provides a number of virtual facilities including, interactive virtual classrooms, online examination/assignments, material upload facilities and video conferncing','mLearning'),(109,'2020-06-17 23:57:04','2020-06-17 23:57:04','https://community.articulate.com/articles/how-to-use-e-learning-to-boost-engagement-in-secondary-schools','Tools and resources on how to use e-Learning to boost engagement in secondary schools','E-Learning to Boost Engagement in Secondary Schools'),(110,'2020-06-17 23:58:18','2020-06-17 23:58:18','https://www.facebook.com/sleducationtrust/','Our mission is to create a cross sector representative body that will explore opportunities for education innovation and scale up those which work!','SL Education Trust'),(111,'2020-06-17 23:59:18','2020-06-17 23:59:18','https://www.facebook.com/lirneasia/','We conduct in-depth, policy-relevant research on infrastructure industries including ICT sectors. Our work extends to other sectors such as agriculture and health which can benefit the poorest citizens of the Asia Pacific. We document regional good practices. We then disseminate independent, actionable knowledge, to policy makers, regulators, service providers and the media. We help form policy intellectuals and, on request, provide short-term advisory assistance.','LIRNE Asia'),(112,'2020-06-18 00:00:06','2020-06-18 00:00:06','https://www.facebook.com/withoutborderslk/','Our core product is an immersive five staged curriculum that is focused on three key competencies. Our core product is an immersive five staged curriculum that is focused on three key competencies -1. Communication and language skills. ( English ) 2. Leading change.3. Creative and Critical Thinking.','Without Borders'),(113,'2020-06-18 00:02:53','2020-07-23 10:36:01','https://www.dpuni.org/','DP Digital University is a free online learning linking platform that gives you access to 50 leading institutions. Join today to improve your skills.','Digital University’s '),(115,'2020-06-18 00:06:41','2020-06-18 00:06:41','https://docs.google.com/spreadsheets/d/1-2YeL69XhYSYiph7w1PL_pASIW7eRMA9U56uHWfdqyA/edit?usp=sharing','This document is maintained under the AcadeMix project of Sustainable Education Foundation. The aim of this document is to help Sri Lankan students apply for graduate studies. Current version of the document contains information mainly related to USA graduate schools but most of them are applicable to other countries as well.','Applying for Graduate studies'),(116,'2020-06-18 00:07:23','2020-06-18 00:07:23','https://www.dpuni.org/','DP Digital University is a free online learning linking platform that gives you access to 50 leading institutions. Join today to improve your skills.','DP Digital University'),(117,'2020-06-18 11:51:40','2020-07-18 19:52:22',NULL,'lol','put test'),(119,'2020-06-18 11:52:53','2020-06-18 11:52:53','https://www.discoveryeducation.com/','Discovery Education inspires educators to go beyond traditional learning with award-winning Digital Textbooks & Education Resources and professional development. Learn more today!','Discovery Education'),(120,'2020-06-18 11:53:20','2020-06-18 11:53:20','https://www.travelandleisure.com/attractions/museums-galleries/museums-with-virtual-tours ','Experience the best museums from London to Seoul in the comfort of your own home.','Travel and Leisure'),(121,'2020-06-18 11:53:57','2020-06-18 11:53:57','https://www.youtube.com/channel/UC7EFWpvc1wYuUwrtZ_BLi9A/featured','Kids Learning Tube educates kids through music and animation in a fun and unique approach to learning.','Kids Learning Tube'),(122,'2020-06-18 11:55:01','2020-06-18 11:55:01','https://www.youtube.com/channel/UCXVCgDuD_QCkI7gTKU7-tpg/featured','Nat Geo Kids makes it fun to explore your world with weird, wild, and wacky videos! Videos featuring awesome animals, cool science, funny pets, and more, are made just for curious kids like you. So pick a topic you love and start watching today!','National Geographic Kids - Youtube'),(123,'2020-06-18 11:55:27','2020-06-18 11:55:27','https://www.youtube.com/user/comaniddy/videos','Science inspired music videos. If you like learning, then you\'ve come to the right place!','Mike Likes Science'),(124,'2020-06-18 11:56:03','2020-06-18 11:56:03','https://www.youtube.com/user/watchfreeschool/featured','FreeSchool is a safe and friendly place to expose children to famous art, classical music, children\'s literature, and natural science in an age-appropriate and kid-accessible way.','Free School'),(125,'2020-06-18 11:57:01','2020-06-18 11:57:01','https://www.youtube.com/education','YouTube.com/learning is a destination designed to offer teens and adults quality learning content. Here you will find playlists that spark your curiosity and content ranging in subjects from physics to filmmaking. So, whether you’re studying for a test, want to learn a new skill, or are just curious about the world around you, YouTube.com/Learning has something for you!','YouTube - Learning'),(126,'2020-06-18 12:00:12','2020-06-18 12:00:12','http://www.e-thaksalawa.moe.gov.lk/','Resources developed by the Ministry of Education, Sri Lanka aligned to grade 1 to 13 curriculums and includes creative lessons, past papers, term papers, questions, syllabuses, text books and teacher instructional manuals.','E - Thaksalawa'),(127,'2020-06-18 12:00:51','2020-06-18 12:00:51','https://studentlanka.com/','Download papers, lessons, details on courses, careers, scholarships.','Student Lanka - Blog '),(128,'2020-06-18 12:01:17','2020-06-18 12:01:17','https://www.guruwaraya.lk/','Publishing education related news, important notices on gazette, Public Exam, Government Vacancies, Results, courses. Suitable for Public Servants, officers in Education Field, Teachers, Students.','Guruwaraya '),(130,'2020-06-18 12:03:08','2020-07-23 10:35:47','https://www.youtube.com/channel/UCuxrtzuww4HxlX2svMYdR0Q/playlists','DP Education, initiated by Mr. Dhammika Perera, is an innovative online math learning platform for school students to enhance their skills in math. School students can access the government math curriculum from grades 6-13 at their own convenience for free.','DP Education '),(131,'2020-06-18 12:05:59','2020-06-18 12:05:59','http://freecomputerbooks.com','FreeComputerBooks.com consists of a huge collection of Free online Computer, Programming, Mathematics, Engineering, and Technical Books, Lecture Notes and Tutorials. It is very well categorized by topics, with 13 top level categories, and over 200 sub-categories.','Free Computer Books'),(132,'2020-06-18 12:06:28','2020-06-18 12:06:28','https://allinonehighschool.com/','We exist to help families homeschool. We enable families to homeschool who thought they couldn’t because of a lack of finances, a lack of time, or a lack of know-how.','All-in-One High School'),(133,'2020-06-18 12:07:20','2020-06-18 12:07:20','https://code-it-studio.de/?lang=en','Code it! is a website where children and beginners can learn programming easily and playfully. Code it! teaches basic programming concepts through online courses, live webinars and other kid-friedly material. Code it! is designed for independent learning at home, as well as for use at school.','Code It'),(134,'2020-06-18 12:07:54','2020-06-18 12:07:54','https://codeweek.eu/resources','EU Code Week is a grass-roots movement that celebrates creativity, problem solving and collaboration through programming and other tech activities. The idea is to make programming more visible, to show young, adults and elderly how you bring ideas to life with code, to demystify these skills and bring motivated people together to learn.','Code Week'),(135,'2020-06-18 12:08:19','2020-06-18 12:08:19','https://ell.brainpop.com/','BrainPOP ELL is BrainPOP\'s English language instruction site for English Language Learners of all ages. The curriculum is comprised of short, animated movies and activities','Brainpop'),(136,'2020-06-18 12:08:51','2020-06-18 12:08:51','https://hourofcode.com/fr/en/learn','Try one-hour tutorial designed for all ages in over 45 languages to learn coding','Hour of Code'),(137,'2020-06-18 12:09:23','2020-06-18 12:09:23','https://learnenglishkids.britishcouncil.org/frequently-asked-questions','LearnEnglish Kids is brought to you by the British Council, the world\'s English teaching experts. We have lots of free online games, songs, stories and activities for children. For parents, we have articles on supporting children in learning English, videos on using English at home and information about English courses for your child.','British Council'),(138,'2020-06-18 12:09:54','2020-06-18 12:09:54','https://mindspark.in/#topic','Mindspark is a computer-based, online self-learning tool that helps children improve their Maths skills.','Mindspark'),(139,'2020-06-18 12:10:18','2020-06-18 12:10:18','https://onlinehighschool.stanford.edu/how','Stanford Online High School administration are hosting a series of educational webinars on how to teach effective classes online. Click the links to register, or to view recordings of past webinars.','Stanford Online High School'),(140,'2020-06-18 12:10:44','2020-06-18 12:10:44','https://outschool.com/','The marketplace of live online classes for K-12 learners. Outschool connects motivated learners, parents, and teachers together to create great learning experiences.','Outschool'),(141,'2020-06-18 12:14:04','2020-06-18 12:14:04','https://sg.ixl.com/membership/family/pricing?partner=google&campaign=55132985&adGroup=1945451225&gclid=Cj0KCQjwj7v0BRDOARIsAGh37ir96XTD3IVkslft6dkEACXjCcUjajdVedzSAGynF5lxBmSeWV7q2MIaAh8uEALw_wcB','Unlimited access to maths and English language practice. Dynamic and interactive questions that adjust to your child\'s level. Fun awards and certificates that motivate your child to master new challenges.','IXL'),(142,'2020-06-18 12:14:40','2020-06-18 12:14:40','https://www.coursera.org/','Join Coursera for free and learn online. Build skills with courses from top universities like Yale, Michigan, Stanford, and leading companies like Google and IBM.','Coursera'),(143,'2020-06-18 12:15:23','2020-06-18 12:15:23','https://www.internet4classrooms.com/','A free web portal designed to assist anyone who wants to find high-quality, free Internet resources to use in classroom instruction, developing project ideas, reinforcing specific subject matter areas both in the class and at home and even for online technology tutorials','Internet 4 Classrooms'),(144,'2020-06-18 12:15:51','2020-06-18 12:15:51','https://www.khanacademy.org/','Khan Academy offers practice exercises, instructional videos, and a personalized learning dashboard that empower learners to study at their own pace in and outside of the classroom. We tackle math, science, computing, history, art history, economics, and more.','Khan Academy'),(145,'2020-06-18 12:16:30','2020-06-18 12:16:30','https://www.labxchange.org/explore','LabXchange brings together high-quality content from a variety of sources in the form of online learning assets, including videos, assessments, and simulations. Our re-engineered Open edX platform gives users the flexibility to search, select, and insert these assets into their own customized learning pathways.','LabXchange'),(146,'2020-06-18 12:17:15','2020-06-18 12:17:15','https://www.polyup.com/machines','Polyup is a free website where students can play with numbers, mathematical operations, shapes, and 3D objects. Using these tools, they can solve problems, complete activities, build math-based simulations, and more!','Polyup'),(147,'2020-06-18 12:17:43','2020-06-18 12:17:43','https://www.udemy.com/','Udemy is the leading global marketplace for teaching and learning, connecting millions of students to the skills they need to succeed.','Udemy'),(148,'2020-06-18 12:18:09','2020-06-18 12:18:09','https://www.youtube.com/channel/UC8HYERScBt-e0kV0fpe0asg','The GEOfocus channel is all about geography! I love geography, maps, flags, culture, languages, and travel. The videos I create for this channel include profiles of countries and regions, descriptions of important landmarks and geographical features (both natural and man-made), and discussion of international issues. Get to know planet Earth and how mankind interacts with it!','Geography Focus'),(149,'2020-06-18 12:18:46','2020-06-18 12:18:46','https://www.youtube.com/user/crashcourse','Check out the playlists for past courses in physics, philosophy, games, economics, U.S. government and politics, astronomy, anatomy & physiology, world history, biology, literature, ecology, chemistry, psychology, and U.S. history.','Crash Course'),(150,'2020-06-18 12:20:09','2020-06-18 12:20:09','https://www.youtube.com/user/crashcoursekids','Welcome to Crash Course Kids! This bi-weekly show from the producers of Crash Course is all about gradeschool science. We\'ll look at Earth, Habitats, Space, Chemical Reactions, Engineering, and much much more with host Sabrina Cruz. So, join us every Tuesday and Thursday for new uploads.','Crash Course Kids'),(151,'2020-06-18 12:20:41','2020-06-18 12:20:41','https://www.youtube.com/user/GeekGurlDiaries/featured','Like Raspberry Pi, Arduino, Python, Programming, Computer Science, Logic, Electronics, and being geeky and awesome? I do, so I started to make videos for people like me! Welcome to the Geek Gurl Diaries, where us gurl\'s discuss, create, demo and interview all things geek. If you have ideas for videos or tutorials, or you know someone cool I could interview then please get in touch.','Geek Gurl Diaries'),(152,'2020-06-18 12:21:13','2020-06-18 12:21:13','https://www.youtube.com/user/ScienceChannel/about','Learn about outer space, leading scientific exploration, new technology, earth science basics, & more with science videos & news from Science Channel.','Science Channel'),(153,'2020-06-18 12:21:41','2020-06-18 12:21:41','https://www.youtube.com/user/scishowkids/featured','At SciShow, we\'re endlessly curious about what makes the universe tick. If you\'re passionate about quenching your curiosity about... everything, you\'re in the right place. Join us ever day to learn about the world around us and beyond.','SciShow Kids'),(154,'2020-06-18 12:22:26','2020-06-18 12:22:26','www.bookboon.com','Quick skills learning through audio talks, eBooks and online courses','Bookboon'),(155,'2020-06-18 12:24:17','2020-06-18 12:24:17','http://www.bookyards.com/','Free pdf books from Bookyards, one of the world\'s first online libraries to offer ebooks to be downloaded for free','Bookyards'),(156,'2020-06-18 12:24:50','2020-06-18 12:24:50','http://www.getfreeebooks.com/','A site that brings both authors and readers into the world of free legal ebooks.','Get Free Books'),(157,'2020-06-18 12:25:22','2020-06-18 12:25:22','http://www.manybooks.net/','50,000 e-books on a number of genres available for free','Manybooks'),(158,'2020-06-18 12:26:17','2020-06-18 12:26:17','http://www.obooko.com/','Free e-books on multiple topics. Improve your reading skills today!','Obooko'),(159,'2020-06-18 12:26:50','2020-06-18 12:26:50','http://www.sparknotes.com/','SparkNotes Guides: Our guides contain thorough summaries and insightful critical analyses. We offer more than 500 guides for English literature and Shakespeare, and a vast number of guides for history, math, biology, and other subjects. Our most popular guides now include quick quizzes, so you can test your retention before the test.','Spark Notes'),(160,'2020-06-18 12:27:20','2020-06-18 12:27:20','http://youtube.com/education','YouTube.com/learning is a destination designed to offer teens and adults quality learning content. Here you will find playlists that spark your curiosity and content ranging in subjects from physics to filmmaking. So, whether you’re studying for a test, want to learn a new skill, or are just curious about the world around you, YouTube.com/Learning has something for you!','YouTube - Learning'),(161,'2020-06-18 12:42:13','2020-06-18 12:42:13','https://curiositystream.com/','With thousands of titles, including exclusive originals, CuriosityStream delivers shows and documentaries across the full spectrum of the non-fiction genre to demystify science, nature, history, technology, society, lifestyle and more.','Curiosity Stream'),(162,'2020-06-18 12:42:57','2020-06-18 12:42:57','https://www.travelandleisure.com/attractions/museums-galleries/museums-with-virtual-tours ','Experience the best museums from London to Seoul in the comfort of your own home.','Travel and Leisure'),(163,'2020-06-18 12:43:38','2020-06-18 12:43:38','https://www.youtube.com/channel/UC8HYERScBt-e0kV0fpe0asg','The GEOfocus channel is all about geography! I love geography, maps, flags, culture, languages, and travel. The videos I create for this channel include profiles of countries and regions, descriptions of important landmarks and geographical features (both natural and man-made), and discussion of international issues. Get to know planet Earth and how mankind interacts with it!','Geography Focus'),(164,'2020-06-18 12:44:06','2020-06-18 12:44:06','https://www.youtube.com/channel/UCXVCgDuD_QCkI7gTKU7-tpg/featured','Nat Geo Kids makes it fun to explore your world with weird, wild, and wacky videos! Videos featuring awesome animals, cool science, funny pets, and more, are made just for curious kids like you. So pick a topic you love and start watching today!','National  Geographic Kids - Youtube'),(165,'2020-06-18 12:44:39','2020-06-18 12:44:39','https://www.youtube.com/user/scishow/featured','At SciShow, we\'re endlessly curious about what makes the universe tick. If you\'re passionate about quenching your curiosity about... everything, you\'re in the right place. Join us ever day to learn about the world around us and beyond.','SciShow'),(167,'2020-06-18 12:56:01','2020-06-18 12:56:01','http://www.e-thaksalawa.moe.gov.lk/','Resources developed by the Ministry of Education, Sri Lanka aligned to grade 1 to 13 curriculums and includes creative lessons, past papers, term papers, questions, syllabuses, text books and teacher instructional manuals.','E - Thaksalawa'),(168,'2020-06-18 12:56:54','2020-06-18 12:56:54','https://studentlanka.com/','Download papers, lessons, details on courses, careers, scholarships.','Student Lanka - Blog '),(169,'2020-06-18 12:57:30','2020-06-18 12:57:30','https://www.facebook.com/Masterguidepublications/','Physical bookstore in Colombo','Master Guide'),(170,'2020-06-18 12:58:05','2020-06-18 12:58:05','https://www.guruwaraya.lk/','Publishing education related news, important notices on gazette, Public Exam, Government Vacancies, Results, courses. Suitable for Public Servants, officers in Education Field, Teachers, Students.','Guruwaraya'),(171,'2020-06-18 13:05:47','2020-06-18 13:05:47','http://freecomputerbooks.com','FreeComputerBooks.com consists of a huge collection of Free online Computer, Programming, Mathematics, Engineering, and Technical Books, Lecture Notes and Tutorials. It is very well categorized by topics, with 13 top level categories, and over 200 sub-categories.','Free Computer Books'),(172,'2020-06-18 13:07:21','2020-06-18 13:07:21','http://www.ocwconsortium.org/','Open education encompasses resources, tools and practices that employ a framework of open sharing to improve educational access and effectiveness worldwide','Open Education Consortium'),(173,'2020-06-18 13:07:54','2020-06-18 13:07:54','http://www.open.edu/openlearn/','The content covers a wide range of subjects, with many of our free courses being adapted extractions from Open University UK modules. All of their courses enable you to earn a Statement of participation and some also allow you to earn a free digital badge.','OpenLearn'),(174,'2020-06-18 13:08:32','2020-06-18 13:08:32','https://alison.com/','Learn more with our fun science experiments, cool facts, free games, activities, lesson plans, quizzes, videos, photos and science fair project ideas.','Alison'),(175,'2020-06-18 13:09:06','2020-06-18 13:09:06','https://allinonehighschool.com/','We exist to help families homeschool. We enable families to homeschool who thought they couldn’t because of a lack of finances, a lack of time, or a lack of know-how.','Easy Peasy All-in-One High School'),(177,'2020-06-18 13:11:20','2020-06-18 13:11:20','https://codeweek.eu/resources','EU Code Week is a grass-roots movement that celebrates creativity, problem solving and collaboration through programming and other tech activities. The idea is to make programming more visible, to show young, adults and elderly how you bring ideas to life with code, to demystify these skills and bring motivated people together to learn.','Code Week'),(178,'2020-06-18 13:11:53','2020-06-18 13:11:53','https://ell.brainpop.com/','BrainPOP ELL is BrainPOP\'s English language instruction site for English Language Learners of all ages. The curriculum is comprised of short, animated movies and activities','BrainPop ELL'),(179,'2020-06-18 13:12:26','2020-06-18 13:12:26','https://hourofcode.com/fr/en/learn','Try one-hour tutorial designed for all ages in over 45 languages to learn coding','Hour of Code'),(180,'2020-06-18 13:17:51','2020-06-18 13:17:51','https://learnenglishkids.britishcouncil.org/frequently-asked-questions','LearnEnglish Kids is brought to you by the British Council, the world\'s English teaching experts. We have lots of free online games, songs, stories and activities for children. For parents, we have articles on supporting children in learning English, videos on using English at home and information about English courses for your child.','British Council'),(181,'2020-06-18 13:18:33','2020-06-18 13:18:33','https://onlinehighschool.stanford.edu/how','Stanford Online High School administration are hosting a series of educational webinars on how to teach effective classes online. Click the links to register, or to view recordings of past webinars.','Stanford Online High School'),(182,'2020-06-18 13:19:03','2020-06-18 13:19:03','https://outschool.com/','The marketplace of live online classes for K-12 learners. Outschool connects motivated learners, parents, and teachers together to create great learning experiences.','Outschool'),(183,'2020-06-18 13:19:55','2020-06-18 13:19:55','https://www.coursera.org/','Join Coursera for free and learn online. Build skills with courses from top universities like Yale, Michigan, Stanford, and leading companies like Google and IBM.','Coursera'),(184,'2020-06-18 13:20:47','2020-06-18 13:20:47','https://www.discoveryeducation.com/','Discovery Education inspires educators to go beyond traditional learning with award-winning Digital Textbooks & Education Resources and professional development. Learn more today!','Discovery Education'),(185,'2020-06-18 13:24:14','2020-06-18 13:24:14','https://www.europeanschoolnetacademy.eu/courses','We work with different partners to offer you courses on a range of topics in STEM','European Schoolnet Academy'),(186,'2020-06-18 13:24:39','2020-06-18 13:24:39','https://www.futurelearn.com/','Join millions of people learning on FutureLearn. Find online courses and degrees from leading universities or organisations and start learning online today.','Future Learn'),(187,'2020-06-18 13:25:16','2020-06-18 13:25:16','https://www.internet4classrooms.com/','A free web portal designed to assist anyone who wants to find high-quality, free Internet resources to use in classroom instruction, developing project ideas, reinforcing specific subject matter areas both in the class and at home and even for online technology tutorials','Internet 4 Classrooms'),(188,'2020-06-18 13:25:52','2020-06-18 13:25:52','https://www.khanacademy.org/','Khan Academy offers practice exercises, instructional videos, and a personalized learning dashboard that empower learners to study at their own pace in and outside of the classroom. We tackle math, science, computing, history, art history, economics, and more.','Khan Academy'),(189,'2020-06-18 13:26:22','2020-06-18 13:26:22','https://www.labxchange.org/explore','LabXchange brings together high-quality content from a variety of sources in the form of online learning assets, including videos, assessments, and simulations. Our re-engineered Open edX platform gives users the flexibility to search, select, and insert these assets into their own customized learning pathways.','LabXchange '),(190,'2020-06-18 13:29:39','2020-06-18 13:29:39','https://www.polyup.com/machines','Polyup is a free website where students can play with numbers, mathematical operations, shapes, and 3D objects. Using these tools, they can solve problems, complete activities, build math-based simulations, and more!','Polyup'),(191,'2020-06-18 13:30:05','2020-06-18 13:30:05','https://www.udemy.com/','Udemy is the leading global marketplace for teaching and learning, connecting millions of students to the skills they need to succeed.','Udemy'),(192,'2020-06-18 13:30:34','2020-06-18 13:30:34','https://www.youtube.com/user/crashcourse','Check out the playlists for past courses in physics, philosophy, games, economics, U.S. government and politics, astronomy, anatomy & physiology, world history, biology, literature, ecology, chemistry, psychology, and U.S. history.','Crash Course'),(193,'2020-06-18 13:31:02','2020-06-18 13:31:02','https://www.youtube.com/user/GeekGurlDiaries/featured','Like Raspberry Pi, Arduino, Python, Programming, Computer Science, Logic, Electronics, and being geeky and awesome? I do, so I started to make videos for people like me! Welcome to the Geek Gurl Diaries, where us gurl\'s discuss, create, demo and interview all things geek. If you have ideas for videos or tutorials, or you know someone cool I could interview then please get in touch.','Geek Gurl Diaries'),(194,'2020-06-18 13:31:27','2020-06-18 13:31:27','https://www.youtube.com/user/ScienceChannel/about','Learn about outer space, leading scientific exploration, new technology, earth science basics, & more with science videos & news from Science Channel.','Science Channel'),(195,'2020-06-18 13:32:11','2020-06-18 13:32:11','https://www.academicjournals.org','Academic Journals is a publisher of peer-reviewed open access journals. Academic Journals currently publishes over 100 open access journals covering art and humanities, engineering, medical science, social sciences, biological sciences, physical sciences and agricultural sciences. Our mission is to accelerate the dissemination of knowledge through the publication of high quality research articles using the open access model.','Academic Journals '),(196,'2020-06-18 13:32:40','2020-06-18 13:32:40','http://www.bookboon.com','Quick skills learning through audio talks, eBooks and online courses','Bookboon'),(197,'2020-06-18 13:33:47','2020-06-18 13:33:47','http://www.bookyards.com','Free pdf books from Bookyards, one of the world\'s first online libraries to offer ebooks to be downloaded for free','Bookyards'),(198,'2020-06-18 13:34:15','2020-06-18 13:34:15','http://www.edx.org','Access 2500+ Online Courses from 140 Institutions globally','EdX'),(199,'2020-06-18 13:34:48','2020-06-18 13:34:48','http://www.getfreeebooks.com','A site that brings both authors and readers into the world of free legal ebooks.','Get Free Books'),(200,'2020-06-18 13:36:07','2020-06-18 13:36:07','http://www.manybooks.net','50,000 e-books on a number of genres available for free','Manybooks'),(201,'2020-06-18 13:36:36','2020-06-18 13:36:36','http://www.obooko.com','Free e-books on multiple topics. Improve your reading skills today!','Obooko'),(202,'2020-06-18 13:37:03','2020-06-18 13:37:03','http://www.sparknotes.com','SparkNotes Guides: Our guides contain thorough summaries and insightful critical analyses. We offer more than 500 guides for English literature and Shakespeare, and a vast number of guides for history, math, biology, and other subjects. Our most popular guides now include quick quizzes, so you can test your retention before the test.','Spark Notes'),(203,'2020-06-18 13:37:35','2020-06-18 13:37:35','http://youtube.com/education','YouTube.com/learning is a destination designed to offer teens and adults quality learning content. Here you will find playlists that spark your curiosity and content ranging in subjects from physics to filmmaking. So, whether you’re studying for a test, want to learn a new skill, or are just curious about the world around you, YouTube.com/Learning has something for you!','YouTube - Learning'),(205,'2020-07-16 11:24:46','2020-07-16 11:24:46','https://www.anjula.me','lol','Portfolio '),(208,'2020-07-19 16:56:43','2020-07-19 18:41:04','lol',NULL,'ahaaane'),(209,'2020-07-19 17:59:26','2020-07-19 17:59:26',NULL,NULL,'lomm');
/*!40000 ALTER TABLE `item` ENABLE KEYS */;
UNLOCK TABLES;

--
-- Table structure for table `item_sub_category_map`
--

DROP TABLE IF EXISTS `item_sub_category_map`;
/*!40101 SET @saved_cs_client     = @@character_set_client */;
/*!50503 SET character_set_client = utf8mb4 */;
CREATE TABLE `item_sub_category_map` (
  `item_id` bigint NOT NULL,
  `sub_category_id` bigint NOT NULL,
  KEY `FKk32gs4gjegjaeg5o4ksaxrxi` (`sub_category_id`),
  KEY `FKgcv8rrlj3dkrjs4oftttv3vdj` (`item_id`),
  CONSTRAINT `FKgcv8rrlj3dkrjs4oftttv3vdj` FOREIGN KEY (`item_id`) REFERENCES `item` (`id`),
  CONSTRAINT `FKk32gs4gjegjaeg5o4ksaxrxi` FOREIGN KEY (`sub_category_id`) REFERENCES `sub_category` (`id`)
) ENGINE=InnoDB DEFAULT CHARSET=utf8mb4 COLLATE=utf8mb4_0900_ai_ci;
/*!40101 SET character_set_client = @saved_cs_client */;

--
-- Dumping data for table `item_sub_category_map`
--

LOCK TABLES `item_sub_category_map` WRITE;
/*!40000 ALTER TABLE `item_sub_category_map` DISABLE KEYS */;
INSERT INTO `item_sub_category_map` VALUES (3,4),(4,4),(6,4),(7,4),(8,4),(9,4),(10,4),(11,4),(12,4),(13,4),(14,4),(15,4),(16,4),(17,4),(18,4),(19,4),(20,4),(21,4),(22,4),(23,4),(24,5),(25,5),(26,5),(27,6),(28,6),(29,6),(30,6),(31,6),(32,6),(33,6),(34,6),(35,6),(36,6),(37,6),(38,6),(39,6),(40,6),(41,6),(42,6),(43,6),(44,6),(45,6),(46,6),(47,6),(48,6),(49,6),(50,6),(51,6),(52,6),(53,6),(54,6),(55,6),(56,7),(57,7),(58,7),(59,7),(60,7),(61,7),(62,7),(63,7),(64,7),(65,7),(66,7),(67,7),(68,7),(69,7),(70,7),(71,7),(72,7),(73,7),(74,8),(75,8),(76,9),(78,9),(79,9),(80,9),(81,9),(82,9),(83,9),(84,9),(85,9),(86,9),(87,9),(88,9),(89,9),(90,9),(91,9),(92,9),(93,9),(94,9),(95,9),(96,9),(97,9),(98,9),(99,9),(100,9),(101,9),(102,9),(103,9),(104,9),(105,9),(106,9),(107,10),(108,17),(109,17),(110,17),(111,17),(112,17),(115,19),(116,19),(119,11),(120,11),(121,11),(122,11),(123,11),(124,11),(125,11),(126,12),(127,12),(128,12),(131,13),(132,13),(133,13),(134,13),(135,13),(136,13),(137,13),(138,13),(139,13),(140,13),(141,13),(142,13),(143,13),(144,13),(145,13),(146,13),(147,13),(148,13),(149,13),(150,13),(151,13),(152,13),(153,13),(154,13),(155,13),(156,13),(157,13),(158,13),(159,13),(160,13),(161,14),(162,14),(163,14),(164,14),(165,14),(167,15),(168,15),(169,15),(170,15),(171,16),(172,16),(173,16),(174,16),(175,16),(177,16),(178,16),(179,16),(180,16),(181,16),(182,16),(183,16),(184,16),(185,16),(186,16),(187,16),(188,16),(189,16),(190,16),(191,16),(192,16),(193,16),(194,16),(195,16),(196,16),(197,16),(198,16),(199,16),(200,16),(201,16),(202,16),(203,16),(205,25),(117,11),(1,48),(77,6),(77,9),(5,4),(5,10),(2,4),(209,8),(208,49),(130,13),(113,18),(113,41);
/*!40000 ALTER TABLE `item_sub_category_map` ENABLE KEYS */;
UNLOCK TABLES;

--
-- Table structure for table `item_translation`
--

DROP TABLE IF EXISTS `item_translation`;
/*!40101 SET @saved_cs_client     = @@character_set_client */;
/*!50503 SET character_set_client = utf8mb4 */;
CREATE TABLE `item_translation` (
  `created_at` datetime NOT NULL,
  `updated_at` datetime NOT NULL,
  `description` text CHARACTER SET utf8mb4 COLLATE utf8mb4_unicode_ci,
  `name` text CHARACTER SET utf8mb4 COLLATE utf8mb4_unicode_ci,
  `language_id` bigint NOT NULL,
  `item_id` bigint NOT NULL,
  PRIMARY KEY (`item_id`,`language_id`),
  KEY `FKo0dg6kptjtfhffjt3iprdrco1` (`language_id`),
  CONSTRAINT `FKgyuvnl0ktp42bbosgkvmnuxen` FOREIGN KEY (`item_id`) REFERENCES `item` (`id`),
  CONSTRAINT `FKo0dg6kptjtfhffjt3iprdrco1` FOREIGN KEY (`language_id`) REFERENCES `language` (`id`)
) ENGINE=InnoDB DEFAULT CHARSET=utf8mb4 COLLATE=utf8mb4_0900_ai_ci;
/*!40101 SET character_set_client = @saved_cs_client */;

--
-- Dumping data for table `item_translation`
--

LOCK TABLES `item_translation` WRITE;
/*!40000 ALTER TABLE `item_translation` DISABLE KEYS */;
INSERT INTO `item_translation` VALUES ('2020-06-17 15:19:08','2020-06-17 15:19:08','Students will develop their logical thinking skills while engaged in fun games.','Easy Peasy All-in-One Homeschool - Thinking',1,3),('2020-06-17 15:19:49','2020-06-17 15:19:49','With thousands of titles, including exclusive originals, CuriosityStream delivers shows and documentaries across the full spectrum of the non-fiction genre to demystify science, nature, history, technology, society, lifestyle and more.','Curiosity Stream',1,4),('2020-06-17 15:26:06','2020-06-17 15:26:06','Educational games and videos from Curious George, Wild Kratts and other Public Broadcasting Service (PBS) KIDS (USA) shows!','PBS Kids',1,6),('2020-06-17 15:27:12','2020-06-17 15:27:12','Educational games for grades PreK through 6 that will keep kids engaged and having fun. Topics include math, reading, typing, just-for-fun logic games','ABCya!',1,7),('2020-06-17 15:30:50','2020-06-17 15:30:50','Creativebug offers online video arts and crafts workshops and techniques. Learn how to paint, knit, crochet, sew, screen print, and more.','Creative Bug',1,8),('2020-06-17 15:33:00','2020-06-17 15:33:00','FunBrain is the #1 site for online educational games for kids of all ages. (math, grammar, science, spelling, history).','Funbrain',1,9),('2020-06-17 15:33:38','2020-06-17 15:33:38','The place for children of all ages to play games and discover new jokes, surveys, answers to science questions, and fun crafts and recipes from Highlights.','Highlights Kids',1,10),('2020-06-17 15:34:34','2020-06-17 15:34:34','The home of all things Dr. Seuss.','Seussville',1,11),('2020-06-17 15:35:05','2020-06-17 15:35:05','StudyPad’s vision is to transform K-12 learning by making it fun and personalized for every child and to prepare them for skills required in 21st-century. StudyPad is uniquely poised to harness the rapid growth in the education technology space using the backdrop of the ubiquitous adoption of smartphones, tablets, AR and VR.','Splash Learn',1,12),('2020-06-17 15:35:49','2020-06-17 15:35:49','The SAG-AFTRA Foundation’s Daytime Emmy®-nominated and award-winning children’s literacy website, Storyline Online®, streams videos featuring celebrated actors reading children’s books alongside creatively produced illustrations.','Storyline Online',1,13),('2020-06-17 15:36:49','2020-06-17 15:36:49','Switch Zoo has 142 species, and the website features additional animal games, music created from animal voices, a reference section about all the animals in Switch Zoo, lesson plans, and poetry, stories and artwork created by students and other visitors.','Switch Zoo',1,14),('2020-06-17 15:37:26','2020-06-17 15:37:26','Experience the best museums from London to Seoul in the comfort of your own home.','Travel and Leisure',1,15),('2020-06-17 15:42:49','2020-06-17 15:42:49','Play educational kids games, computer games, printable worksheets and learning games online at turtlediary.com. Learn and play Free Games for Kids Online!','Turtle Diary',1,16),('2020-06-17 15:44:01','2020-06-17 15:44:01','Unite for Literacy has developed the platform, publishing tools, and systems-based strategies that support our public and private sector partners to change the literacy landscape of their communities and optimize the future for all their young children.','Unite for Literacy',1,17),('2020-06-17 15:44:38','2020-06-17 15:44:38','Kids Learning Tube educates kids through music and animation in a fun and unique approach to learning.','Kids Learning Tube',1,18),('2020-06-17 15:45:22','2020-06-17 15:45:22','The GEOfocus channel is all about geography! I love geography, maps, flags, culture, languages, and travel. The videos I create for this channel include profiles of countries and regions, descriptions of important landmarks and geographical features (both natural and man-made), and discussion of international issues. Get to know planet Earth and how mankind interacts with it!','Geography Focus',1,19),('2020-06-17 15:46:03','2020-06-17 15:46:03','Nat Geo Kids makes it fun to explore your world with weird, wild, and wacky videos! Videos featuring awesome animals, cool science, funny pets, and more, are made just for curious kids like you. So pick a topic you love and start watching today!','National  Geographic Kids - Youtube',1,20),('2020-06-17 15:46:33','2020-06-17 15:46:33','Science inspired music videos. If you like learning, then you\'ve come to the right place!','Mike Likes Science',1,21),('2020-06-17 15:47:13','2020-06-17 15:47:13','At SciShow, we\'re endlessly curious about what makes the universe tick. If you\'re passionate about quenching your curiosity about... everything, you\'re in the right place. Join us ever day to learn about the world around us and beyond.','SciShow',1,22),('2020-06-17 15:47:43','2020-06-17 15:47:43','I\'m Emily, the Chief Curiosity Correspondent of The Field Museum in Chicago, former volunteer of the University of Montana Zoological Museum, and I\'d like to share some of the amazing things we have in the collection with the Internet!','TheBrainScoop',1,23),('2020-06-17 15:50:40','2020-06-17 15:50:40','Resources developed by the Ministry of Education, Sri Lanka aligned to grade 1 to 13 curriculums and includes creative lessons, past papers, term papers, questions, syllabuses, text books and teacher instructional manuals','E - Thaksalawa',1,24),('2020-06-17 15:51:25','2020-06-17 15:51:25','Download papers, lessons, details on courses, careers, scholarships','Student Lanka - Blog ',1,25),('2020-06-17 15:53:08','2020-06-17 15:53:08','Science Kids is the online home of science & technology for children around the world. Learn more with our fun science experiments, cool facts, free games, activities, lesson plans, quizzes, videos, photos and science fair project ideas.','Science Kids',1,26),('2020-06-17 16:12:02','2020-06-17 16:12:02','Science Kids is the online home of science & technology for children around the world. Learn more with our fun science experiments, cool facts, free games, activities, lesson plans, quizzes, videos, photos and science fair project ideas.','Science Kids',1,27),('2020-06-17 16:13:04','2020-06-17 16:13:04','We exist to help families homeschool. We enable families to homeschool who thought they couldn’t because of a lack of finances, a lack of time, or a lack of know-how.','Easy Peasy All-in-One Homeschool',1,28),('2020-06-17 16:13:46','2020-06-17 16:13:46','A Complete Math Curriculum Recommended for Ages 8‑13. Students learn problem-solving skills through rigorous math lessons taught by engaging, comic-book style characters.','Beast Academy',1,29),('2020-06-17 16:14:36','2020-06-17 16:14:36','We empower educators by providing them with ready-to-go resources, books for every level, and literacy tools for today’s diverse classroom. We make it easy for you to find just what you need when you need it. Keeping your classroom running smoothly and effectively.','Scholastic Learn At Home',1,30),('2020-06-17 16:15:10','2020-06-17 16:15:10','Code it! is a website where children and beginners can learn programming easily and playfully. Code it! teaches basic programming concepts through online courses, live webinars and other kid-friedly material. Code it! is designed for independent learning at home, as well as for use at school.','Code It',1,31),('2020-06-17 16:17:04','2020-06-17 16:17:04','EU Code Week is a grass-roots movement that celebrates creativity, problem solving and collaboration through programming and other tech activities. The idea is to make programming more visible, to show young, adults and elderly how you bring ideas to life with code, to demystify these skills and bring motivated people together to learn.','Code Week',1,32),('2020-06-17 16:17:37','2020-06-17 16:17:37','BrainPOP ELL is BrainPOP\'s English language instruction site for English Language Learners of all ages. The curriculum is comprised of short, animated movies and activities','BrainPop ELL',1,33),('2020-06-17 16:18:22','2020-06-17 16:18:22','Try one-hour tutorial designed for all ages in over 45 languages to learn coding','Hour of Code',1,34),('2020-06-17 16:19:17','2020-06-17 16:19:17','BrainPOPJr. is BrainPOP\'s English language instruction site for English Language Learners in KG and Primary. The curriculum is comprised of short, animated movies and activities','BrainPop Jr',1,35),('2020-06-17 16:19:51','2020-06-17 16:19:51','LearnEnglish Kids is brought to you by the British Council, the world\'s English teaching experts. We have lots of free online games, songs, stories and activities for children. For parents, we have articles on supporting children in learning English, videos on using English at home and information about English courses for your child.','British Council',1,36),('2020-06-17 16:22:09','2020-06-17 16:22:09','Free illustrated online story books','Room to Read',1,37),('2020-06-17 16:22:41','2020-06-17 16:22:41','Mindspark is a computer-based, online self-learning tool that helps children improve their Maths skills.','Mindspark',1,38),('2020-06-17 16:23:18','2020-06-17 16:23:18','The marketplace of live online classes for K-12 learners. Outschool connects motivated learners, parents, and teachers together to create great learning experiences.','Outschool',1,39),('2020-06-17 16:25:01','2020-06-17 16:25:01','Unlimited access to maths and English language practice. Dynamic and interactive questions that adjust to your child\'s level. Fun awards and certificates that motivate your child to master new challenges.','IXL',1,40),('2020-06-17 16:25:44','2020-06-17 16:25:44','Animated Educational Site for Kids - Science, Social Studies, English, Math, Arts & Music, Health, and Technology.','BrainPop',1,41),('2020-06-17 16:26:16','2020-06-17 16:26:16','Math and Games for Kids, Teachers and Parents. Math lessons and fun games for kindergarten to sixth grade, plus quizzes, brain teasers and more.','Cool Math for Kids ',1,42),('2020-06-17 16:28:00','2020-06-17 16:28:00','Discovery Education inspires educators to go beyond traditional learning with award-winning Digital Textbooks & Education Resources and professional development. Learn more today!','Discovery Education',1,43),('2020-06-17 16:28:33','2020-06-17 16:28:33','E-learning for kids is a non-profit organization providing free, fun, curriculum based quality primary education to all children world wide.','E -learning for kids - Founding Dreams',1,44),('2020-06-17 16:29:13','2020-06-17 16:29:13','Interactive games to learn Maths','Houghton Mifflin',1,45),('2020-06-17 16:29:42','2020-06-17 16:29:42','A free web portal designed to assist anyone who wants to find high-quality, free Internet resources to use in classroom instruction, developing project ideas, reinforcing specific subject matter areas both in the class and at home and even for online technology tutorials','Internet 4 Classrooms',1,46),('2020-06-17 16:30:13','2020-06-17 16:30:13','Khan Academy offers practice exercises, instructional videos, and a personalized learning dashboard that empower learners to study at their own pace in and outside of the classroom. We tackle math, science, computing, history, art history, economics, and more.','Khan Academy',1,47),('2020-06-17 16:31:33','2020-06-17 16:31:33','A free public service to teach children to read including language arts and mathematics for preschool, kindergarten, first grade, second grade, and third grade. Starfall’s emphasis on phonemic awareness, systematic sequential phonics, and common sight words in conjunction with audiovisual interactivity has proven effective in teaching emergent readers.','Starfall',1,48),('2020-06-17 16:32:06','2020-06-17 16:32:06','Tynker\'s mission is to provide every child with solid foundations in Computer Science, programming, and critical thinking skills to prepare them to become better architects of their future world.','Tynker',1,49),('2020-06-17 16:32:36','2020-06-17 16:32:36','Udemy is the leading global marketplace for teaching and learning, connecting millions of students to the skills they need to succeed.','Udemy',1,50),('2020-06-17 16:33:23','2020-06-17 16:33:23','Welcome to Crash Course Kids! This bi-weekly show from the producers of Crash Course is all about gradeschool science. We\'ll look at Earth, Habitats, Space, Chemical Reactions, Engineering, and much much more with host Sabrina Cruz. So, join us every Tuesday and Thursday for new uploads.','Crash Course Kids',1,51),('2020-06-17 16:34:39','2020-06-17 16:34:39','Like Raspberry Pi, Arduino, Python, Programming, Computer Science, Logic, Electronics, and being geeky and awesome? I do, so I started to make videos for people like me! Welcome to the Geek Gurl Diaries, where us gurl\'s discuss, create, demo and interview all things geek. If you have ideas for videos or tutorials, or you know someone cool I could interview then please get in touch.','Geek Gurl Diaries',1,52),('2020-06-17 16:36:48','2020-06-17 16:36:48','Learn about outer space, leading scientific exploration, new technology, earth science basics, & more with science videos & news from Science Channel.','Science Channel',1,53),('2020-06-17 16:37:45','2020-06-17 16:37:45','At SciShow, we\'re endlessly curious about what makes the universe tick. If you\'re passionate about quenching your curiosity about... everything, you\'re in the right place. Join us ever day to learn about the world around us and beyond.','SciShow Kids',1,54),('2020-06-17 16:38:57','2020-06-17 16:38:57','FreeSchool is a safe and friendly place to expose children to famous art, classical music, children\'s literature, and natural science in an age-appropriate and kid-accessible way.','Free School',1,55),('2020-06-17 20:05:53','2020-06-17 20:05:53','Math Game Time is your destination for the best math games and homework help online. Their games are fun, educational and trustworthy. Math Game Time was created by educators to help kids succeed. Their goal is to provide a fun, educational playground for students in Pre-K through 7th grade to excel in math.','Math Game Time',1,56),('2020-06-17 20:08:41','2020-06-17 20:08:41','With thousands of titles, including exclusive originals, CuriosityStream delivers shows and documentaries across the full spectrum of the non-fiction genre to demystify science, nature, history, technology, society, lifestyle and more.','Curiosity Stream',1,57),('2020-06-17 20:09:45','2020-06-17 20:09:45','Find amazing facts about animals, science, history and geography, along with fun competitions, games and more.','National Geographic Kids - Website',1,58),('2020-06-17 20:10:30','2020-06-17 20:10:30','Educational games and videos from Curious George, Wild Kratts and other Public Broadcasting Service (PBS) KIDS (USA) shows!','PBS Kids',1,59),('2020-06-17 20:12:49','2020-06-17 20:12:49','Educational games for grades PreK through 6 that will keep kids engaged and having fun. Topics include math, reading, typing, just-for-fun logic games','ABCya!',1,60),('2020-06-17 20:13:49','2020-06-17 20:13:49','Animated Educational Site for Kids - Science, Social Studies, English, Math, Arts & Music, Health, and Technology.','BrainPop',1,61),('2020-06-17 20:14:29','2020-06-17 20:14:29','Discovery Education inspires educators to go beyond traditional learning with award-winning Digital Textbooks & Education Resources and professional development. Learn more today!','Discovery Education',1,62),('2020-06-17 20:15:23','2020-06-17 20:15:23','E-learning for kids is a non-profit organization providing free, fun, curriculum based quality primary education to all children world wide.','E -learning for kids',1,63),('2020-06-17 20:15:39','2020-06-17 20:15:39','FunBrain is the #1 site for online educational games for kids of all ages. (math, grammar, science, spelling, history)','Funbrain',1,64),('2020-06-17 20:16:49','2020-06-17 20:16:49','The place for children of all ages to play games and discover new jokes, surveys, answers to science questions, and fun crafts and recipes from Highlights.','Highlights Kids',1,65),('2020-06-17 20:17:11','2020-06-17 20:17:11','Experience the best museums from London to Seoul in the comfort of your own home.','Travel and Leisure',1,66),('2020-06-17 20:17:31','2020-06-17 20:17:31','Unite for Literacy has developed the platform, publishing tools, and systems-based strategies that support our public and private sector partners to change the literacy landscape of their communities and optimize the future for all their young children. O','Unite for Literacy',1,67),('2020-06-17 20:17:45','2020-06-17 20:17:45','Kids Learning Tube educates kids through music and animation in a fun and unique approach to learning.','Kids Learning Tube',1,68),('2020-06-17 20:17:59','2020-06-17 20:17:59','Nat Geo Kids makes it fun to explore your world with weird, wild, and wacky videos! Videos featuring awesome animals, cool science, funny pets, and more, are made just for curious kids like you. So pick a topic you love and start watching today!','National Geographic Kids - Youtube',1,69),('2020-06-17 20:18:16','2020-06-17 20:18:16','Science inspired music videos. If you like learning, then you\'ve come to the right place!','Mike Likes Science',1,70),('2020-06-17 20:18:38','2020-06-17 20:18:38','At SciShow, we\'re endlessly curious about what makes the universe tick. If you\'re passionate about quenching your curiosity about... everything, you\'re in the right place. Join us ever day to learn about the world around us and beyond.','SciShow',1,71),('2020-06-17 20:18:55','2020-06-17 20:18:55','I\'m Emily, the Chief Curiosity Correspondent of The Field Museum in Chicago, former volunteer of the University of Montana Zoological Museum, and I\'d like to share some of the amazing things we have in the collection with the Internet!','TheBrainScoop',1,72),('2020-06-17 20:19:10','2020-06-17 20:19:10','FreeSchool is a safe and friendly place to expose children to famous art, classical music, children\'s literature, and natural science in an age-appropriate and kid-accessible way.','Free School',1,73),('2020-06-17 20:20:42','2020-06-17 20:20:42','Resources developed by the Ministry of Education, Sri Lanka aligned to grade 1 to 13 curriculums and includes creative lessons, past papers, term papers, questions, syllabuses, text books and teacher instructional manuals','E - Thaksalawa',1,74),('2020-06-17 20:21:16','2020-06-17 20:21:16','DP Education, initiated by Mr. Dhammika Perera, is an innovative online math learning platform for school students to enhance their skills in math. School students can access the government math curriculum from grades 6-13 at their own convenience for free.','DP Education - Math',1,75),('2020-06-17 20:22:38','2020-06-17 20:22:38','FreeComputerBooks.com consists of a huge collection of Free online Computer, Programming, Mathematics, Engineering, and Technical Books, Lecture Notes and Tutorials. It is very well categorized by topics, with 13 top level categories, and over 200 sub-categories.','Free Computer Books',1,76),('2020-06-17 20:23:34','2020-06-17 20:23:34','We exist to help families homeschool. We enable families to homeschool who thought they couldn’t because of a lack of finances, a lack of time, or a lack of know-how.','All-in-One High School',1,78),('2020-06-17 20:23:47','2020-06-17 20:23:47','Students will develop their logical thinking skills while engaged in fun games.','All-in-One Homeschool',1,79),('2020-06-17 20:24:18','2020-06-17 20:24:18','A Complete Math Curriculum Recommended for Ages 8‑13. Students learn problem-solving skills through rigorous math lessons taught by engaging, comic-book style characters.','Beast Academy',1,80),('2020-06-17 20:24:28','2020-06-17 20:24:28','We empower educators by providing them with ready-to-go resources, books for every level, and literacy tools for today’s diverse classroom. We make it easy for you to find just what you need when you need it. Keeping your classroom running smoothly and effectively.','Scholastic Learn At Home',1,81),('2020-06-17 20:25:00','2020-06-17 20:25:00','Code it! is a website where children and beginners can learn programming easily and playfully. Code it! teaches basic programming concepts through online courses, live webinars and other kid-friedly material. Code it! is designed for independent learning at home, as well as for use at school.','Code It',1,82),('2020-06-17 20:25:15','2020-06-17 20:25:15','EU Code Week is a grass-roots movement that celebrates creativity, problem solving and collaboration through programming and other tech activities. The idea is to make programming more visible, to show young, adults and elderly how you bring ideas to life with code, to demystify these skills and bring motivated people together to learn.','Code Week',1,83),('2020-06-17 20:25:32','2020-06-17 20:25:32','BrainPOP ELL is BrainPOP\'s English language instruction site for English Language Learners of all ages. The curriculum is comprised of short, animated movies and activities','Brainpop',1,84),('2020-06-17 20:25:45','2020-06-17 20:25:45','Try one-hour tutorial designed for all ages in over 45 languages to learn coding','Hour of Code',1,85),('2020-06-17 20:25:57','2020-06-17 20:25:57','LearnEnglish Kids is brought to you by the British Council, the world\'s English teaching experts. We have lots of free online games, songs, stories and activities for children. For parents, we have articles on supporting children in learning English, videos on using English at home and information about English courses for your child.','British Council',1,86),('2020-06-17 20:26:10','2020-06-17 20:26:10','Mindspark is a computer-based, online self-learning tool that helps children improve their Maths skills.','Mindspark',1,87),('2020-06-17 20:26:21','2020-06-17 20:26:21','Stanford Online High School administration are hosting a series of educational webinars on how to teach effective classes online. Click the links to register, or to view recordings of past webinars.','Stanford Online High School',1,88),('2020-06-17 20:26:34','2020-06-17 20:26:34','The marketplace of live online classes for K-12 learners. Outschool connects motivated learners, parents, and teachers together to create great learning experiences.','Outschool',1,89),('2020-06-17 20:27:08','2020-06-17 20:27:08','Unlimited access to maths and English language practice. Dynamic and interactive questions that adjust to your child\'s level. Fun awards and certificates that motivate your child to master new challenges.','IXL',1,90),('2020-06-17 20:27:20','2020-06-17 20:27:20','Math and Games for Kids, Teachers and Parents. Math lessons and fun games for kindergarten to sixth grade, plus quizzes, brain teasers and more.','Cool Math4Kids',1,91),('2020-06-17 20:27:49','2020-06-17 20:27:49','Interactive games to learn Maths','Edu Place',1,92),('2020-06-17 20:28:08','2020-06-17 20:28:08','A free web portal designed to assist anyone who wants to find high-quality, free Internet resources to use in classroom instruction, developing project ideas, reinforcing specific subject matter areas both in the class and at home and even for online technology tutorials','Internet 4 Classrooms',1,93),('2020-06-17 20:28:39','2020-06-17 20:28:39','Khan Academy offers practice exercises, instructional videos, and a personalized learning dashboard that empower learners to study at their own pace in and outside of the classroom. We tackle math, science, computing, history, art history, economics, and more,','Khan Academy',1,94),('2020-06-17 20:28:51','2020-06-17 20:28:51','Polyup is a free website where students can play with numbers, mathematical operations, shapes, and 3D objects. Using these tools, they can solve problems, complete activities, build math-based simulations, and more!','Polyup',1,95),('2020-06-17 20:29:04','2020-06-17 20:29:04','Tynker\'s mission is to provide every child with solid foundations in Computer Science, programming, and critical thinking skills to prepare them to become better architects of their future world.','Tynker',1,96),('2020-06-17 20:29:40','2020-06-17 20:29:40','The GEOfocus channel is all about geography! I love geography, maps, flags, culture, languages, and travel. The videos I create for this channel include profiles of countries and regions, descriptions of important landmarks and geographical features (both natural and man-made), and discussion of international issues. Get to know planet Earth and how mankind interacts with it!','Geography Focus',1,97),('2020-06-17 20:30:08','2020-06-17 20:30:08','Welcome to Crash Course Kids! This bi-weekly show from the producers of Crash Course is all about gradeschool science. We\'ll look at Earth, Habitats, Space, Chemical Reactions, Engineering, and much much more with host Sabrina Cruz. So, join us every Tuesday and Thursday for new uploads.','Crash Course Kids',1,98),('2020-06-17 20:30:34','2020-06-17 20:30:34','Like Raspberry Pi, Arduino, Python, Programming, Computer Science, Logic, Electronics, and being geeky and awesome? I do, so I started to make videos for people like me! Welcome to the Geek Gurl Diaries, where us gurl\'s discuss, create, demo and interview all things geek. If you have ideas for videos or tutorials, or you know someone cool I could interview then please get in touch.','Geek Gurl Diaries',1,99),('2020-06-17 20:30:46','2020-06-17 20:30:46','Learn about outer space, leading scientific exploration, new technology, earth science basics, & more with science videos & news from Science Channel.','Science Channel',1,100),('2020-06-17 20:31:00','2020-06-17 20:31:00','At SciShow, we\'re endlessly curious about what makes the universe tick. If you\'re passionate about quenching your curiosity about... everything, you\'re in the right place. Join us ever day to learn about the world around us and beyond.','SciShow Kids',1,101),('2020-06-17 20:31:41','2020-06-17 20:31:41','Free pdf books from Bookyards, one of the world\'s first online libraries to offer ebooks to be downloaded for free','Bookyards',1,102),('2020-06-17 20:31:54','2020-06-17 20:31:54','A site that brings both authors and readers into the world of free legal ebooks.','Get Free Books',1,103),('2020-06-17 20:32:05','2020-06-17 20:32:05','50,000 e-books on a number of genres available for free','Manybooks',1,104),('2020-06-17 20:32:17','2020-06-17 20:32:17','Free e-books on multiple topics. Improve your reading skills today!','Obooko',1,105),('2020-06-17 20:37:25','2020-06-17 20:37:25','SparkNotes Guides: Our guides contain thorough summaries and insightful critical analyses. We offer more than 500 guides for English literature and Shakespeare, and a vast number of guides for history, math, biology, and other subjects. Our most popular guides now include quick quizzes, so you can test your retention before the test.','Spark Notes',1,106),('2020-06-17 20:37:55','2020-06-17 20:37:55','Creativebug offers online video arts and crafts workshops and techniques. Learn how to paint, knit, crochet, sew, screen print, and more.','Creative Bug',1,107),('2020-06-17 23:56:04','2020-06-17 23:56:04','mLearning is a Learning Management System that provides a number of virtual facilities including, interactive virtual classrooms, online examination/assignments, material upload facilities and video conferncing','mLearning',1,108),('2020-06-17 23:57:04','2020-06-17 23:57:04','Tools and resources on how to use e-Learning to boost engagement in secondary schools','E-Learning to Boost Engagement in Secondary Schools',1,109),('2020-06-17 23:58:18','2020-06-17 23:58:18','Our mission is to create a cross sector representative body that will explore opportunities for education innovation and scale up those which work!','SL Education Trust',1,110),('2020-06-17 23:59:18','2020-06-17 23:59:18','We conduct in-depth, policy-relevant research on infrastructure industries including ICT sectors. Our work extends to other sectors such as agriculture and health which can benefit the poorest citizens of the Asia Pacific. We document regional good practices. We then disseminate independent, actionable knowledge, to policy makers, regulators, service providers and the media. We help form policy intellectuals and, on request, provide short-term advisory assistance.','LIRNE Asia',1,111),('2020-06-18 00:00:06','2020-06-18 00:00:06','Our core product is an immersive five staged curriculum that is focused on three key competencies. Our core product is an immersive five staged curriculum that is focused on three key competencies -1. Communication and language skills. ( English ) 2. Leading change.3. Creative and Critical Thinking.','Without Borders',1,112),('2020-06-18 00:06:41','2020-06-18 00:06:41','This document is maintained under the AcadeMix project of Sustainable Education Foundation. The aim of this document is to help Sri Lankan students apply for graduate studies. Current version of the document contains information mainly related to USA graduate schools but most of them are applicable to other countries as well.','Applying for Graduate studies',1,115),('2020-06-18 00:07:23','2020-06-18 00:07:23','DP Digital University is a free online learning linking platform that gives you access to 50 leading institutions. Join today to improve your skills.','DP Digital University',1,116),('2020-06-18 11:52:53','2020-06-18 11:52:53','Discovery Education inspires educators to go beyond traditional learning with award-winning Digital Textbooks & Education Resources and professional development. Learn more today!','Discovery Education',1,119),('2020-06-18 11:53:20','2020-06-18 11:53:20','Experience the best museums from London to Seoul in the comfort of your own home.','Travel and Leisure',1,120),('2020-06-18 11:53:57','2020-06-18 11:53:57','Kids Learning Tube educates kids through music and animation in a fun and unique approach to learning.','Kids Learning Tube',1,121),('2020-06-18 11:55:01','2020-06-18 11:55:01','Nat Geo Kids makes it fun to explore your world with weird, wild, and wacky videos! Videos featuring awesome animals, cool science, funny pets, and more, are made just for curious kids like you. So pick a topic you love and start watching today!','National Geographic Kids - Youtube',1,122),('2020-06-18 11:55:27','2020-06-18 11:55:27','Science inspired music videos. If you like learning, then you\'ve come to the right place!','Mike Likes Science',1,123),('2020-06-18 11:56:03','2020-06-18 11:56:03','FreeSchool is a safe and friendly place to expose children to famous art, classical music, children\'s literature, and natural science in an age-appropriate and kid-accessible way.','Free School',1,124),('2020-06-18 11:57:01','2020-06-18 11:57:01','YouTube.com/learning is a destination designed to offer teens and adults quality learning content. Here you will find playlists that spark your curiosity and content ranging in subjects from physics to filmmaking. So, whether you’re studying for a test, want to learn a new skill, or are just curious about the world around you, YouTube.com/Learning has something for you!','YouTube - Learning',1,125),('2020-06-18 12:00:12','2020-06-18 12:00:12','Resources developed by the Ministry of Education, Sri Lanka aligned to grade 1 to 13 curriculums and includes creative lessons, past papers, term papers, questions, syllabuses, text books and teacher instructional manuals.','E - Thaksalawa',1,126),('2020-06-18 12:00:51','2020-06-18 12:00:51','Download papers, lessons, details on courses, careers, scholarships.','Student Lanka - Blog ',1,127),('2020-06-18 12:01:17','2020-06-18 12:01:17','Publishing education related news, important notices on gazette, Public Exam, Government Vacancies, Results, courses. Suitable for Public Servants, officers in Education Field, Teachers, Students.','Guruwaraya ',1,128),('2020-06-18 12:05:59','2020-06-18 12:05:59','FreeComputerBooks.com consists of a huge collection of Free online Computer, Programming, Mathematics, Engineering, and Technical Books, Lecture Notes and Tutorials. It is very well categorized by topics, with 13 top level categories, and over 200 sub-categories.','Free Computer Books',1,131),('2020-06-18 12:06:28','2020-06-18 12:06:28','We exist to help families homeschool. We enable families to homeschool who thought they couldn’t because of a lack of finances, a lack of time, or a lack of know-how.','All-in-One High School',1,132),('2020-06-18 12:07:20','2020-06-18 12:07:20','Code it! is a website where children and beginners can learn programming easily and playfully. Code it! teaches basic programming concepts through online courses, live webinars and other kid-friedly material. Code it! is designed for independent learning at home, as well as for use at school.','Code It',1,133),('2020-06-18 12:07:54','2020-06-18 12:07:54','EU Code Week is a grass-roots movement that celebrates creativity, problem solving and collaboration through programming and other tech activities. The idea is to make programming more visible, to show young, adults and elderly how you bring ideas to life with code, to demystify these skills and bring motivated people together to learn.','Code Week',1,134),('2020-06-18 12:08:19','2020-06-18 12:08:19','BrainPOP ELL is BrainPOP\'s English language instruction site for English Language Learners of all ages. The curriculum is comprised of short, animated movies and activities','Brainpop',1,135),('2020-06-18 12:08:51','2020-06-18 12:08:51','Try one-hour tutorial designed for all ages in over 45 languages to learn coding','Hour of Code',1,136),('2020-06-18 12:09:23','2020-06-18 12:09:23','LearnEnglish Kids is brought to you by the British Council, the world\'s English teaching experts. We have lots of free online games, songs, stories and activities for children. For parents, we have articles on supporting children in learning English, videos on using English at home and information about English courses for your child.','British Council',1,137),('2020-06-18 12:09:54','2020-06-18 12:09:54','Mindspark is a computer-based, online self-learning tool that helps children improve their Maths skills.','Mindspark',1,138),('2020-06-18 12:10:18','2020-06-18 12:10:18','Stanford Online High School administration are hosting a series of educational webinars on how to teach effective classes online. Click the links to register, or to view recordings of past webinars.','Stanford Online High School',1,139),('2020-06-18 12:10:44','2020-06-18 12:10:44','The marketplace of live online classes for K-12 learners. Outschool connects motivated learners, parents, and teachers together to create great learning experiences.','Outschool',1,140),('2020-06-18 12:14:04','2020-06-18 12:14:04','Unlimited access to maths and English language practice. Dynamic and interactive questions that adjust to your child\'s level. Fun awards and certificates that motivate your child to master new challenges.','IXL',1,141),('2020-06-18 12:14:40','2020-06-18 12:14:40','Join Coursera for free and learn online. Build skills with courses from top universities like Yale, Michigan, Stanford, and leading companies like Google and IBM.','Coursera',1,142),('2020-06-18 12:15:23','2020-06-18 12:15:23','A free web portal designed to assist anyone who wants to find high-quality, free Internet resources to use in classroom instruction, developing project ideas, reinforcing specific subject matter areas both in the class and at home and even for online technology tutorials','Internet 4 Classrooms',1,143),('2020-06-18 12:15:51','2020-06-18 12:15:51','Khan Academy offers practice exercises, instructional videos, and a personalized learning dashboard that empower learners to study at their own pace in and outside of the classroom. We tackle math, science, computing, history, art history, economics, and more.','Khan Academy',1,144),('2020-06-18 12:16:30','2020-06-18 12:16:30','LabXchange brings together high-quality content from a variety of sources in the form of online learning assets, including videos, assessments, and simulations. Our re-engineered Open edX platform gives users the flexibility to search, select, and insert these assets into their own customized learning pathways.','LabXchange',1,145),('2020-06-18 12:17:15','2020-06-18 12:17:15','Polyup is a free website where students can play with numbers, mathematical operations, shapes, and 3D objects. Using these tools, they can solve problems, complete activities, build math-based simulations, and more!','Polyup',1,146),('2020-06-18 12:17:43','2020-06-18 12:17:43','Udemy is the leading global marketplace for teaching and learning, connecting millions of students to the skills they need to succeed.','Udemy',1,147),('2020-06-18 12:18:09','2020-06-18 12:18:09','The GEOfocus channel is all about geography! I love geography, maps, flags, culture, languages, and travel. The videos I create for this channel include profiles of countries and regions, descriptions of important landmarks and geographical features (both natural and man-made), and discussion of international issues. Get to know planet Earth and how mankind interacts with it!','Geography Focus',1,148),('2020-06-18 12:18:46','2020-06-18 12:18:46','Check out the playlists for past courses in physics, philosophy, games, economics, U.S. government and politics, astronomy, anatomy & physiology, world history, biology, literature, ecology, chemistry, psychology, and U.S. history.','Crash Course',1,149),('2020-06-18 12:20:09','2020-06-18 12:20:09','Welcome to Crash Course Kids! This bi-weekly show from the producers of Crash Course is all about gradeschool science. We\'ll look at Earth, Habitats, Space, Chemical Reactions, Engineering, and much much more with host Sabrina Cruz. So, join us every Tuesday and Thursday for new uploads.','Crash Course Kids',1,150),('2020-06-18 12:20:41','2020-06-18 12:20:41','Like Raspberry Pi, Arduino, Python, Programming, Computer Science, Logic, Electronics, and being geeky and awesome? I do, so I started to make videos for people like me! Welcome to the Geek Gurl Diaries, where us gurl\'s discuss, create, demo and interview all things geek. If you have ideas for videos or tutorials, or you know someone cool I could interview then please get in touch.','Geek Gurl Diaries',1,151),('2020-06-18 12:21:13','2020-06-18 12:21:13','Learn about outer space, leading scientific exploration, new technology, earth science basics, & more with science videos & news from Science Channel.','Science Channel',1,152),('2020-06-18 12:21:41','2020-06-18 12:21:41','At SciShow, we\'re endlessly curious about what makes the universe tick. If you\'re passionate about quenching your curiosity about... everything, you\'re in the right place. Join us ever day to learn about the world around us and beyond.','SciShow Kids',1,153),('2020-06-18 12:22:26','2020-06-18 12:22:26','Quick skills learning through audio talks, eBooks and online courses','Bookboon',1,154),('2020-06-18 12:24:17','2020-06-18 12:24:17','Free pdf books from Bookyards, one of the world\'s first online libraries to offer ebooks to be downloaded for free','Bookyards',1,155),('2020-06-18 12:24:50','2020-06-18 12:24:50','A site that brings both authors and readers into the world of free legal ebooks.','Get Free Books',1,156),('2020-06-18 12:25:22','2020-06-18 12:25:22','50,000 e-books on a number of genres available for free','Manybooks',1,157),('2020-06-18 12:26:17','2020-06-18 12:26:17','Free e-books on multiple topics. Improve your reading skills today!','Obooko',1,158),('2020-06-18 12:26:50','2020-06-18 12:26:50','SparkNotes Guides: Our guides contain thorough summaries and insightful critical analyses. We offer more than 500 guides for English literature and Shakespeare, and a vast number of guides for history, math, biology, and other subjects. Our most popular guides now include quick quizzes, so you can test your retention before the test.','Spark Notes',1,159),('2020-06-18 12:27:20','2020-06-18 12:27:20','YouTube.com/learning is a destination designed to offer teens and adults quality learning content. Here you will find playlists that spark your curiosity and content ranging in subjects from physics to filmmaking. So, whether you’re studying for a test, want to learn a new skill, or are just curious about the world around you, YouTube.com/Learning has something for you!','YouTube - Learning',1,160),('2020-06-18 12:42:13','2020-06-18 12:42:13','With thousands of titles, including exclusive originals, CuriosityStream delivers shows and documentaries across the full spectrum of the non-fiction genre to demystify science, nature, history, technology, society, lifestyle and more.','Curiosity Stream',1,161),('2020-06-18 12:42:57','2020-06-18 12:42:57','Experience the best museums from London to Seoul in the comfort of your own home.','Travel and Leisure',1,162),('2020-06-18 12:43:38','2020-06-18 12:43:38','The GEOfocus channel is all about geography! I love geography, maps, flags, culture, languages, and travel. The videos I create for this channel include profiles of countries and regions, descriptions of important landmarks and geographical features (both natural and man-made), and discussion of international issues. Get to know planet Earth and how mankind interacts with it!','Geography Focus',1,163),('2020-06-18 12:44:06','2020-06-18 12:44:06','Nat Geo Kids makes it fun to explore your world with weird, wild, and wacky videos! Videos featuring awesome animals, cool science, funny pets, and more, are made just for curious kids like you. So pick a topic you love and start watching today!','National  Geographic Kids - Youtube',1,164),('2020-06-18 12:44:39','2020-06-18 12:44:39','At SciShow, we\'re endlessly curious about what makes the universe tick. If you\'re passionate about quenching your curiosity about... everything, you\'re in the right place. Join us ever day to learn about the world around us and beyond.','SciShow',1,165),('2020-06-18 12:56:01','2020-06-18 12:56:01','Resources developed by the Ministry of Education, Sri Lanka aligned to grade 1 to 13 curriculums and includes creative lessons, past papers, term papers, questions, syllabuses, text books and teacher instructional manuals.','E - Thaksalawa',1,167),('2020-06-18 12:56:54','2020-06-18 12:56:54','Download papers, lessons, details on courses, careers, scholarships.','Student Lanka - Blog ',1,168),('2020-06-18 12:57:30','2020-06-18 12:57:30','Physical bookstore in Colombo','Master Guide',1,169),('2020-06-18 12:58:05','2020-06-18 12:58:05','Publishing education related news, important notices on gazette, Public Exam, Government Vacancies, Results, courses. Suitable for Public Servants, officers in Education Field, Teachers, Students.','Guruwaraya',1,170),('2020-06-18 13:05:47','2020-06-18 13:05:47','FreeComputerBooks.com consists of a huge collection of Free online Computer, Programming, Mathematics, Engineering, and Technical Books, Lecture Notes and Tutorials. It is very well categorized by topics, with 13 top level categories, and over 200 sub-categories.','Free Computer Books',1,171),('2020-06-18 13:07:22','2020-06-18 13:07:22','Open education encompasses resources, tools and practices that employ a framework of open sharing to improve educational access and effectiveness worldwide','Open Education Consortium',1,172),('2020-06-18 13:07:54','2020-06-18 13:07:54','The content covers a wide range of subjects, with many of our free courses being adapted extractions from Open University UK modules. All of their courses enable you to earn a Statement of participation and some also allow you to earn a free digital badge.','OpenLearn',1,173),('2020-06-18 13:08:32','2020-06-18 13:08:32','Learn more with our fun science experiments, cool facts, free games, activities, lesson plans, quizzes, videos, photos and science fair project ideas.','Alison',1,174),('2020-06-18 13:09:06','2020-06-18 13:09:06','We exist to help families homeschool. We enable families to homeschool who thought they couldn’t because of a lack of finances, a lack of time, or a lack of know-how.','Easy Peasy All-in-One High School',1,175),('2020-06-18 13:11:20','2020-06-18 13:11:20','EU Code Week is a grass-roots movement that celebrates creativity, problem solving and collaboration through programming and other tech activities. The idea is to make programming more visible, to show young, adults and elderly how you bring ideas to life with code, to demystify these skills and bring motivated people together to learn.','Code Week',1,177),('2020-06-18 13:11:53','2020-06-18 13:11:53','BrainPOP ELL is BrainPOP\'s English language instruction site for English Language Learners of all ages. The curriculum is comprised of short, animated movies and activities','BrainPop ELL',1,178),('2020-06-18 13:12:26','2020-06-18 13:12:26','Try one-hour tutorial designed for all ages in over 45 languages to learn coding','Hour of Code',1,179),('2020-06-18 13:17:51','2020-06-18 13:17:51','LearnEnglish Kids is brought to you by the British Council, the world\'s English teaching experts. We have lots of free online games, songs, stories and activities for children. For parents, we have articles on supporting children in learning English, videos on using English at home and information about English courses for your child.','British Council',1,180),('2020-06-18 13:18:33','2020-06-18 13:18:33','Stanford Online High School administration are hosting a series of educational webinars on how to teach effective classes online. Click the links to register, or to view recordings of past webinars.','Stanford Online High School',1,181),('2020-06-18 13:19:03','2020-06-18 13:19:03','The marketplace of live online classes for K-12 learners. Outschool connects motivated learners, parents, and teachers together to create great learning experiences.','Outschool',1,182),('2020-06-18 13:19:55','2020-06-18 13:19:55','Join Coursera for free and learn online. Build skills with courses from top universities like Yale, Michigan, Stanford, and leading companies like Google and IBM.','Coursera',1,183),('2020-06-18 13:20:47','2020-06-18 13:20:47','Discovery Education inspires educators to go beyond traditional learning with award-winning Digital Textbooks & Education Resources and professional development. Learn more today!','Discovery Education',1,184),('2020-06-18 13:24:14','2020-06-18 13:24:14','We work with different partners to offer you courses on a range of topics in STEM','European Schoolnet Academy',1,185),('2020-06-18 13:24:39','2020-06-18 13:24:39','Join millions of people learning on FutureLearn. Find online courses and degrees from leading universities or organisations and start learning online today.','Future Learn',1,186),('2020-06-18 13:25:16','2020-06-18 13:25:16','A free web portal designed to assist anyone who wants to find high-quality, free Internet resources to use in classroom instruction, developing project ideas, reinforcing specific subject matter areas both in the class and at home and even for online technology tutorials','Internet 4 Classrooms',1,187),('2020-06-18 13:25:52','2020-06-18 13:25:52','Khan Academy offers practice exercises, instructional videos, and a personalized learning dashboard that empower learners to study at their own pace in and outside of the classroom. We tackle math, science, computing, history, art history, economics, and more.','Khan Academy',1,188),('2020-06-18 13:26:22','2020-06-18 13:26:22','LabXchange brings together high-quality content from a variety of sources in the form of online learning assets, including videos, assessments, and simulations. Our re-engineered Open edX platform gives users the flexibility to search, select, and insert these assets into their own customized learning pathways.','LabXchange ',1,189),('2020-06-18 13:29:39','2020-06-18 13:29:39','Polyup is a free website where students can play with numbers, mathematical operations, shapes, and 3D objects. Using these tools, they can solve problems, complete activities, build math-based simulations, and more!','Polyup',1,190),('2020-06-18 13:30:05','2020-06-18 13:30:05','Udemy is the leading global marketplace for teaching and learning, connecting millions of students to the skills they need to succeed.','Udemy',1,191),('2020-06-18 13:30:34','2020-06-18 13:30:34','Check out the playlists for past courses in physics, philosophy, games, economics, U.S. government and politics, astronomy, anatomy & physiology, world history, biology, literature, ecology, chemistry, psychology, and U.S. history.','Crash Course',1,192),('2020-06-18 13:31:02','2020-06-18 13:31:02','Like Raspberry Pi, Arduino, Python, Programming, Computer Science, Logic, Electronics, and being geeky and awesome? I do, so I started to make videos for people like me! Welcome to the Geek Gurl Diaries, where us gurl\'s discuss, create, demo and interview all things geek. If you have ideas for videos or tutorials, or you know someone cool I could interview then please get in touch.','Geek Gurl Diaries',1,193),('2020-06-18 13:31:27','2020-06-18 13:31:27','Learn about outer space, leading scientific exploration, new technology, earth science basics, & more with science videos & news from Science Channel.','Science Channel',1,194),('2020-06-18 13:32:11','2020-06-18 13:32:11','Academic Journals is a publisher of peer-reviewed open access journals. Academic Journals currently publishes over 100 open access journals covering art and humanities, engineering, medical science, social sciences, biological sciences, physical sciences and agricultural sciences. Our mission is to accelerate the dissemination of knowledge through the publication of high quality research articles using the open access model.','Academic Journals ',1,195),('2020-06-18 13:32:40','2020-06-18 13:32:40','Quick skills learning through audio talks, eBooks and online courses','Bookboon',1,196),('2020-06-18 13:33:47','2020-06-18 13:33:47','Free pdf books from Bookyards, one of the world\'s first online libraries to offer ebooks to be downloaded for free','Bookyards',1,197),('2020-06-18 13:34:15','2020-06-18 13:34:15','Access 2500+ Online Courses from 140 Institutions globally','EdX',1,198),('2020-06-18 13:34:48','2020-06-18 13:34:48','A site that brings both authors and readers into the world of free legal ebooks.','Get Free Books',1,199),('2020-06-18 13:36:07','2020-06-18 13:36:07','50,000 e-books on a number of genres available for free','Manybooks',1,200),('2020-06-18 13:36:36','2020-06-18 13:36:36','Free e-books on multiple topics. Improve your reading skills today!','Obooko',1,201),('2020-06-18 13:37:03','2020-06-18 13:37:03','SparkNotes Guides: Our guides contain thorough summaries and insightful critical analyses. We offer more than 500 guides for English literature and Shakespeare, and a vast number of guides for history, math, biology, and other subjects. Our most popular guides now include quick quizzes, so you can test your retention before the test.','Spark Notes',1,202),('2020-06-18 13:37:35','2020-06-18 13:37:35','YouTube.com/learning is a destination designed to offer teens and adults quality learning content. Here you will find playlists that spark your curiosity and content ranging in subjects from physics to filmmaking. So, whether you’re studying for a test, want to learn a new skill, or are just curious about the world around you, YouTube.com/Learning has something for you!','YouTube - Learning',1,203);
/*!40000 ALTER TABLE `item_translation` ENABLE KEYS */;
UNLOCK TABLES;

--
-- Table structure for table `language`
--

DROP TABLE IF EXISTS `language`;
/*!40101 SET @saved_cs_client     = @@character_set_client */;
/*!50503 SET character_set_client = utf8mb4 */;
CREATE TABLE `language` (
  `id` bigint NOT NULL AUTO_INCREMENT,
  `created_at` datetime NOT NULL,
  `updated_at` datetime NOT NULL,
  `locale` varchar(255) NOT NULL,
  PRIMARY KEY (`id`),
  UNIQUE KEY `UK_bxhwrb5fkq4je4ed5asj3nyjk` (`locale`)
) ENGINE=InnoDB AUTO_INCREMENT=2 DEFAULT CHARSET=utf8mb4 COLLATE=utf8mb4_0900_ai_ci;
/*!40101 SET character_set_client = @saved_cs_client */;

--
-- Dumping data for table `language`
--

LOCK TABLES `language` WRITE;
/*!40000 ALTER TABLE `language` DISABLE KEYS */;
INSERT INTO `language` VALUES (1,'2020-06-17 14:03:21','2020-06-17 14:03:21','en-us');
/*!40000 ALTER TABLE `language` ENABLE KEYS */;
UNLOCK TABLES;

--
-- Table structure for table `sub_category`
--

DROP TABLE IF EXISTS `sub_category`;
/*!40101 SET @saved_cs_client     = @@character_set_client */;
/*!50503 SET character_set_client = utf8mb4 */;
CREATE TABLE `sub_category` (
  `id` bigint NOT NULL AUTO_INCREMENT,
  `created_at` datetime NOT NULL,
  `updated_at` datetime NOT NULL,
  `category_id` bigint NOT NULL,
  `name` text CHARACTER SET utf8mb4 COLLATE utf8mb4_unicode_ci,
  PRIMARY KEY (`id`),
  KEY `FKl65dyy5me2ypoyj8ou1hnt64e` (`category_id`),
  CONSTRAINT `FKl65dyy5me2ypoyj8ou1hnt64e` FOREIGN KEY (`category_id`) REFERENCES `category` (`id`)
) ENGINE=InnoDB AUTO_INCREMENT=55 DEFAULT CHARSET=utf8mb4 COLLATE=utf8mb4_0900_ai_ci;
/*!40101 SET character_set_client = @saved_cs_client */;

--
-- Dumping data for table `sub_category`
--

LOCK TABLES `sub_category` WRITE;
/*!40000 ALTER TABLE `sub_category` DISABLE KEYS */;
INSERT INTO `sub_category` VALUES (4,'2020-06-17 14:28:24','2020-07-19 19:31:56',1,'Play & Learn'),(5,'2020-06-17 14:44:39','2020-06-17 14:44:39',1,'Local Curriculum'),(6,'2020-06-17 14:44:55','2020-06-17 14:44:55',1,'Other Curricular'),(7,'2020-06-17 14:47:10','2020-06-17 14:47:10',2,'Play & Learn'),(8,'2020-06-17 14:47:48','2020-07-19 18:03:10',5,'say say say?'),(9,'2020-06-17 14:47:57','2020-06-17 14:47:57',2,'Other Curricular'),(10,'2020-06-17 14:48:20','2020-07-19 17:00:07',2,'Arts '),(11,'2020-06-17 14:49:10','2020-06-17 14:49:10',3,'Play & Learn'),(12,'2020-06-17 14:49:20','2020-06-17 14:49:20',3,'Local Curriculum'),(13,'2020-06-17 14:49:33','2020-07-19 18:38:04',3,'Other Curricular'),(14,'2020-06-17 14:50:42','2020-06-17 14:50:42',4,'Play & Learn'),(15,'2020-06-17 14:50:58','2020-06-17 14:50:58',4,'Local Curriculum'),(16,'2020-06-17 14:51:12','2020-07-18 11:29:34',4,'Billie Jean'),(17,'2020-06-17 14:52:12','2020-06-17 14:52:12',5,'Support Services'),(18,'2020-06-17 14:53:15','2020-06-17 14:53:15',6,'Other Curricular'),(19,'2020-06-17 14:54:33','2020-06-17 14:54:33',7,'Other Curricular'),(25,'2020-07-16 09:08:04','2020-07-23 19:03:05',14,'put test'),(34,'2020-07-16 12:21:00','2020-07-19 10:53:13',1,'monada me'),(41,'2020-07-17 13:37:53','2020-07-17 16:13:28',5,'null check'),(48,'2020-07-18 11:07:51','2020-07-18 11:07:51',4,'Annie are you okay?'),(49,'2020-07-18 13:34:55','2020-07-19 18:40:08',7,'Dirty diana'),(52,'2020-07-19 18:03:23','2020-07-19 18:03:23',5,'listen to your heart');
/*!40000 ALTER TABLE `sub_category` ENABLE KEYS */;
UNLOCK TABLES;

--
-- Table structure for table `sub_category_translation`
--

DROP TABLE IF EXISTS `sub_category_translation`;
/*!40101 SET @saved_cs_client     = @@character_set_client */;
/*!50503 SET character_set_client = utf8mb4 */;
CREATE TABLE `sub_category_translation` (
  `created_at` datetime NOT NULL,
  `updated_at` datetime NOT NULL,
  `name` text CHARACTER SET utf8mb4 COLLATE utf8mb4_unicode_ci,
  `language_id` bigint NOT NULL,
  `sub_category_id` bigint NOT NULL,
  PRIMARY KEY (`language_id`,`sub_category_id`),
  KEY `FKoh9l0g2kwvcbjkxbquexospee` (`sub_category_id`),
  CONSTRAINT `FKga9x7fbsx9j89jfo4sam6tq7u` FOREIGN KEY (`language_id`) REFERENCES `language` (`id`),
  CONSTRAINT `FKoh9l0g2kwvcbjkxbquexospee` FOREIGN KEY (`sub_category_id`) REFERENCES `sub_category` (`id`)
) ENGINE=InnoDB DEFAULT CHARSET=utf8mb4 COLLATE=utf8mb4_0900_ai_ci;
/*!40101 SET character_set_client = @saved_cs_client */;

--
-- Dumping data for table `sub_category_translation`
--

LOCK TABLES `sub_category_translation` WRITE;
/*!40000 ALTER TABLE `sub_category_translation` DISABLE KEYS */;
INSERT INTO `sub_category_translation` VALUES ('2020-06-17 14:44:39','2020-06-17 14:44:39','Local Curriculum',1,5),('2020-06-17 14:44:55','2020-06-17 14:44:55','Other Curricular',1,6),('2020-06-17 14:47:10','2020-06-17 14:47:10','Play & Learn',1,7),('2020-06-17 14:47:57','2020-06-17 14:47:57','Other Curricular',1,9),('2020-06-17 14:49:10','2020-06-17 14:49:10','Play & Learn',1,11),('2020-06-17 14:49:20','2020-06-17 14:49:20','Local Curriculum',1,12),('2020-06-17 14:50:42','2020-06-17 14:50:42','Play & Learn',1,14),('2020-06-17 14:50:58','2020-06-17 14:50:58','Local Curriculum',1,15),('2020-06-17 14:52:12','2020-06-17 14:52:12','Support Services',1,17),('2020-06-17 14:53:15','2020-06-17 14:53:15','Other Curricular',1,18),('2020-06-17 14:54:33','2020-06-17 14:54:33','Other Curricular',1,19);
/*!40000 ALTER TABLE `sub_category_translation` ENABLE KEYS */;
UNLOCK TABLES;

--
-- Table structure for table `university`
--

DROP TABLE IF EXISTS `university`;
/*!40101 SET @saved_cs_client     = @@character_set_client */;
/*!50503 SET character_set_client = utf8mb4 */;
CREATE TABLE `university` (
  `id` bigint NOT NULL,
  `created_at` datetime NOT NULL,
  `updated_at` datetime NOT NULL,
  `image_url` varchar(512) NOT NULL,
  `name` varchar(255) NOT NULL,
  `status` varchar(10) NOT NULL,
  PRIMARY KEY (`id`)
) ENGINE=InnoDB DEFAULT CHARSET=utf8mb4 COLLATE=utf8mb4_0900_ai_ci;
/*!40101 SET character_set_client = @saved_cs_client */;

--
-- Dumping data for table `university`
--

LOCK TABLES `university` WRITE;
/*!40000 ALTER TABLE `university` DISABLE KEYS */;
/*!40000 ALTER TABLE `university` ENABLE KEYS */;
UNLOCK TABLES;

--
-- Table structure for table `user`
--

DROP TABLE IF EXISTS `user`;
/*!40101 SET @saved_cs_client     = @@character_set_client */;
/*!50503 SET character_set_client = utf8mb4 */;
CREATE TABLE `user` (
  `username` varchar(255) NOT NULL,
  `password` varchar(120) DEFAULT NULL,
  PRIMARY KEY (`username`)
) ENGINE=InnoDB DEFAULT CHARSET=utf8mb4 COLLATE=utf8mb4_0900_ai_ci;
/*!40101 SET character_set_client = @saved_cs_client */;

--
-- Dumping data for table `user`
--

LOCK TABLES `user` WRITE;
/*!40000 ALTER TABLE `user` DISABLE KEYS */;
INSERT INTO `user` VALUES ('admin','$2a$10$sAK3Dbcn1L3XNwuvGflLDehnViPhn8muCAFkCV7vo1h05qXijsnfa');
/*!40000 ALTER TABLE `user` ENABLE KEYS */;
UNLOCK TABLES;
/*!40103 SET TIME_ZONE=@OLD_TIME_ZONE */;

/*!40101 SET SQL_MODE=@OLD_SQL_MODE */;
/*!40014 SET FOREIGN_KEY_CHECKS=@OLD_FOREIGN_KEY_CHECKS */;
/*!40014 SET UNIQUE_CHECKS=@OLD_UNIQUE_CHECKS */;
/*!40101 SET CHARACTER_SET_CLIENT=@OLD_CHARACTER_SET_CLIENT */;
/*!40101 SET CHARACTER_SET_RESULTS=@OLD_CHARACTER_SET_RESULTS */;
/*!40101 SET COLLATION_CONNECTION=@OLD_COLLATION_CONNECTION */;
/*!40111 SET SQL_NOTES=@OLD_SQL_NOTES */;

-- Dump completed on 2020-07-25 12:00:06
